	appos	cc	clf	comp	comp:aff	comp:arg	comp:aux	comp:ben	comp:cleft	comp:goal	comp:loc	comp:m	comp:obj	comp:obj$attitude	comp:obj$concess	comp:obj$desire	comp:obj$know	comp:obj$percep	comp:obj$phase	comp:obj$utter	comp:obl	comp:obl$attitude	comp:obl$cause	comp:obl$desire	comp:obl$know	comp:obl$modal	comp:obl$percep	comp:obl$phase	comp:obl$request	comp:obl$utter	comp:pred	comp:pred$attitude	comp:pred$manner	comp:source	compound	compound:prt	compound:redup	compound:svc	compound:svc$phase	compound:svc$purp	compound:svc$tempo	conj	conj:appos	conj:coord	conj:dicto	conj:m	conj:obj	conj:redup	det	det:num	discourse	dislocated	dislocated:obj	dislocated:subj	flat	flat:foreign	flat:m	flat:name	flat:num	goeswith	list	mod	mod$concess	mod$cond	mod$manner	mod$purp	mod$reason	mod$tempa	mod$tempb	mod$tempo	mod:appos	mod:aux	mod:emph	mod:m	mod:num	mod:obj	mod:periph	mod:periph$concess	mod:periph$cond	mod:periph$manner	mod:periph$purp	mod:periph$reason	mod:periph$tempa	mod:periph$tempb	mod:periph$tempo	mod:poss	mod:pred	orphan	parataxis	parataxis:conj	parataxis:coord	parataxis:discourse	parataxis:dislocated	parataxis:dislocated$tempa	parataxis:dislocated$tempo	parataxis:insert	parataxis:mod	parataxis:mod$cond	parataxis:obj	parataxis:obj$cause	parataxis:obj$know	parataxis:obj$request	parataxis:obj$utter	parataxis:obl	parataxis:parenth	punct	reparandum	subj	subj:aff	udep	unk	unk:aff	vocative	total	clf>1000	det>1000	dislocated>1000	mod>1000	subj>1000	comp>1000	udep>1000	core>1000	core+det+clf>1000
Abaza		0.0		11.71875									12.62135922330097								6.25										11.11111111111111											100.0							28.571428571428573		11.11111111111111	20.0			100.0							21.53846153846154																											100.0																		0.0	11.627906976744184		10.76923076923077	91.66666666666669		0.0	27.56598240469208									
Afrikaans	100.0	90.84171519322392		73.35963455149502			56.18811881188119						76.70583588426977								94.6969696969697										48.51904090267983				37.03703703703704							99.76733364355516							0.067001675041876						100.0							35.46078138980018																																												92.90953545232274		12.42536252487916		70.6176673567978	81.199538638985			61.46922653543562		0.074694635589128		35.46914609918116	11.8957531779702	73.35628051921587	70.61457745318489	56.90229616745994	47.6791680402935
Assyrian		28.0		74.46808510638297			68.42105263157895						95.1219512195122								100.0										18.75				0.0							100.0							0.0													41.66666666666666																											100.0																	89.39393939393939		4.761904761904762		100.0				65.54934823091247									
SouthLevantineArabic		28.571428571428573		97.3913043478261			100.0						97.70114942528735								96.42857142857144										66.66666666666667											100.0							5.2631578947368425		30.76923076923077				100.0							85.52631578947368																											80.0																	99.27536231884058		45.0		89.83050847457628	33.333333333333336			88.79216539717083									
Akkadian	100.0	0.0		66.08679386457165									66.35744036349867								47.45762711864407										0.0				28.571428571428573							100.0							99.5489400090212		0.0				100.0						100.0	84.90532332976063																											100.0																			2.464788732394366		24.31314623338257	67.38461538461539		0.0	70.76961026147015		99.55105698193256		84.8922543614917	2.654745349111805	66.0889126039166	24.32022736253541	59.81657438351321	64.85301289043895
Gheg	100.0	0.0955109837631327		71.75080558539206			99.6987951807229						82.0006474587245								55.6745182012848										92.11618257261412											100.0							0.390625		25.6198347107438	0.0			100.0						100.0	42.96046287367406																										100.0	94.94949494949496																	100.0	0.7490636704119851	28.19767441860465		81.23195380173243	94.35483870967742			61.99222889438361		0.3885351974827364	0.0	42.95669100603595	32.487828678224005	71.74829048962377	81.2635642938452	61.652129072205895	54.69899486994308
Amharic		79.06976744186046	0.0	49.70791290493893			6.050955414012739						45.07772020725388								19.791666666666668										0.5586592178770949				2.5							97.95918367346938							84.72803347280335		86.19047619047619				100.0					100.0		24.921465968586386																											28.571428571428573																	100.0		38.69731800766284		3.619047619047619	97.1153846153846			48.48042582417583	0.0	84.71857836303477		24.91184638063953	32.55451184504385	49.70387478201133	3.625632489421581	38.47249293865463	41.381513969965006
Apurinã		0.0		83.49514563106796			50.0						86.45833333333333								0.0										50.0				0.0							100.0							2.857142857142857			0.0									100.0	22.65625																																												71.28205128205128		26.81159420289855		51.851851851851855	0.0			56.047904191616766									
Akuntsu	100.0			12.209302325581396			10.526315789473683						11.333333333333334								50.0										100.0											100.0							57.142857142857146		72.1311475409836	50.0										36.206896551724135																											95.45454545454544																	97.2027972027972		19.428571428571427		46.34146341463415	60.0			48.188711036225776		57.04584040747028	49.925705794948	36.202671885467225	17.084201971661777	12.207738831384354	46.33693268793182	23.302998158185797	23.67055500988035
Arabic	100.0	4.871288989101841		98.51577492384288			98.91891891891892						98.55106262167423								99.22861150070126										90.43769166434346				72.23443223443223							99.98550934647152							8.618351664908845		42.10526315789474	0.4784688995215311			99.99408598970962							93.0258415186462																										99.55947136563876	99.54346238130022																	77.7339526688824		69.44315685523691		94.50962615327182	99.47675287785916		100.0	89.81827284538511		8.579756829811807	0.6410256410256411	93.0208563514576	75.18084518766057	98.51483020584682	94.5990744885046	93.84019249099916	93.15583447970984
Karo	100.0		100.0	16.184971098265898			30.303030303030305						9.971509971509972								69.23076923076923										0.0				29.545454545454547							100.0							0.0		88.52459016393442											51.40664961636829																											83.33333333333333																	100.0		6.081081081081081		67.07317073170732	80.55555555555556			34.195933456561924	100.0	0.0		51.40903062309722	4.7906223893066	16.184937297612464	67.0886477510491	26.18845810664617	33.48557322150332
Belarusian	99.98345740281223	0.3429962381057756		92.4870563517671			84.48275862068965						94.50147866497676								72.57546563904945										78.48173515981735				0.3460207612456747							99.97062711117638							3.619909502262444		69.6875	21.428571428571427			99.84028110525476					100.0	99.66777408637874	40.45589115558216																										65.09803921568627	76.41537107656204																	53.59511527529214	0.0	29.786009020247576		75.04237434708914	58.03547066848567		48.21428571428572	66.01576334571911		3.5984225738546582	0.0	40.47697501141865	31.49699890238728	92.48176243616562	75.04074383152619	60.373308513410144	58.57252286084015
Beja		96.0		17.966101694915253	15.853658536585366		28.571428571428573						24.025974025974023								2.9411764705882355										0.0				0.0			0.0				24.13793103448276	100.0	0.0	85.71428571428571			0.0	35.483870967741936	0.0	30.43478260869565	83.33333333333333	100.0	100.0								33.333333333333336										0.0														100.0			2.083333333333333		0.0						0.0		2.3255813953488373					0.0		99.41520467836256		29.743589743589745	35.8974358974359		100.0	100.0	0.0	34.78802992518703		35.48195021715781	83.28865058087578	33.32988953738886	26.455473477752577	17.962050388775133		24.33265560020008	26.139587669654176
Bulgarian	100.0	0.0822030415125359		88.36275256946304			97.7991967871486						95.60406060421305								82.05533596837945										79.79550102249489				100.0							100.0							41.85441941074524		47.75687409551375				100.0							29.28098743400996																											2.5																	61.19497710684981		25.9119812583668		86.81238819320215	97.51479289940828		46.55172413793103	71.1386963353812		41.84982362365119		29.28870026355029	27.44598437416824	88.36084817946451	86.79025719921702	64.342405559365	63.65763114737791
Bhojpuri	100.0	25.925925925925927	66.66666666666667	11.478477854023703			0.9615384615384616						12.303881090008256								51.72413793103448										9.090909090909092				4.638218923933209							99.10714285714286							1.7241379310344829		0.0				100.0					100.0	90.0	4.066985645933015																																												73.81294964028777		3.103448275862069		2.684563758389262	72.22222222222223			14.96650233851599	66.66666666666666	1.7183135191320738		4.078612155762133	2.646744097911139	11.489778535149611	2.689739274004764	6.83861497467506	6.655437283627419
Bambara	100.0	0.0		52.70301895623684			99.3482983345402						23.670212765957448								100.0										40.0				100.0							100.0							83.82642998027613		32.26221079691517	12.5			100.0							25.407925407925408																										100.0	100.0																	71.35523613963039	20.0	0.2696871628910464		81.12049117421336	80.48780487804878		30.0	52.31400117164616		83.82142411772041	12.413347197781688	25.40393399775584	0.2286792903834038	52.70582957194563	81.11053628933429	40.820148582377456	43.19621906312099
Bengali				17.02127659574468			0.0						14.285714285714286								0.0										100.0				78.94736842105263							100.0							58.333333333333336		0.0											14.285714285714286																											50.0																	86.3013698630137		5.714285714285714		0.0	100.0		0.0	37.62057877813505									
Breton	100.0	2.912621359223301		82.90740126120146			66.4568345323741						97.41650913673598								90.47619047619048										59.21052631578947				94.73684210526316							99.57805907172995							0.4971002485501243		50.0	66.66666666666667			100.0						100.0	78.6875																										100.0	75.67567567567568																	81.17953165654814		57.638888888888886		86.37469586374696	49.55357142857143		100.0	71.50246305418719		0.4980105455054738	66.66666666666666	78.68888508017908	57.71247613304822	82.9060713339019	86.37229959309299	79.74724507022829	66.54103823742456
Buryat	100.0	72.15189873417721		7.055503292568203			0.0						7.169811320754717								11.864406779661016										15.492957746478874				5.982905982905983							99.64664310954063							6.550218340611353		68.05896805896806				100.0						100.0	5.002925687536571																										100.0	91.66666666666669																	65.53030303030303		1.206434316353887		11.25	82.85714285714286		0.0	27.613603333010367		6.549509993716241		5.0046359944460415	1.0273592345312004	7.0700240471499765	11.250961667242889	4.757004762359973	4.825021813068426
Catalan	99.96090186367783	0.1088731627653783		90.80881218249044			98.6089552238806						90.36777066682396								80.1963601532567										94.68667613060232				99.81900452488688							99.98789566059432							1.472129750152627		0.0				99.96115427302996							65.1451879188113																											52.51299826689775																	56.70333507944823		19.732418044270105		88.99243329350857	99.84978970558782		0.0	70.21455677164079		1.4690951010471722		65.1359176473868	21.35923406966588	90.81613465844794	89.00941675310628	77.54078654063218	61.45928989096082
Cebuano	100.0	0.0		80.9278350515464									80.98958333333333								75.0														16.666666666666668							100.0							0.0		100.0				100.0							58.415841584158414																											100.0																	96.6019417475728		78.2051282051282		53.535353535353536	100.0		0.0	76.92307692307692		0.0		58.41344716072551	78.75322583930976	80.9322881982473	53.54052376398744	71.96941095931146	71.04881089559609
Chukot	100.0	0.8130081300813008		40.59945504087194			85.1063829787234						39.0625								50.0										11.666666666666666											100.0							20.512820512820515		24.666666666666668	43.75			100.0							50.45927740355175																										40.0	98.93048128342248																	100.0	4.406779661016949	23.96088019559902		25.58139534883721	28.125		8.333333333333334	54.14616365955896		20.462586539082015	43.8717067583047	50.45891079387426	23.802745758666244	40.59630630969717	25.56597819488401	41.202035637653786	40.92789660542125
Coptic	100.0	0.375		97.57858324560084			100.0						99.97351519565647								100.0										6.627680311890838				17.857142857142858							99.9194847020934							7.9434484768984115		21.33333333333333	29.432213209733487			100.0							71.3993871297242																										80.95238095238095	99.40564635958395																	68.83892999430849	0.0	65.0333273284093		96.0203609440074	97.196261682243		60.23391812865497	80.12004019445425		7.94501970480015	29.40916201781782	71.41749450221536	64.68095617696375	97.5808473181154	96.05070094939155	86.97778191775225	75.14808175398845
Czech	100.0	2.727346175598158		83.91750422738586			88.40041539478239						92.13553058812342								67.30420663091911										83.8356455642375				74.67173462335867							99.9909114043698							2.2359322595337665		26.94235588972431				99.98858925107452							40.76991648919705																										99.82871379632512	68.43243243243244																	55.57911898455849		41.32240019457281		69.80231836058788	91.7893015650549		41.38755980861244	64.73777665039		2.2073810239690785		40.769562224695136	40.438796591073874	83.92305777353636	69.80169104518035	59.27855532662849	57.527957580381496
OldChurchSlavonic	100.0	66.92702980472765		84.00862822829826			57.57575757575758						87.32833957553059								87.78625954198473										53.4419337887546											99.97042295178942							59.14768552534901		31.105651105651106	8.75912408759124			100.0							52.7335264301231																										80.59701492537313	51.388888888888886																			37.71121351766513		74.81834695731153	87.41258741258741		21.026490066225165	71.24925550923169		59.10695832155356	8.437142038946162	52.72764615976277	41.785585405402045	83.99979999391368	74.85129663787498	66.43855925099177	66.19763418877402
Welsh	100.0	0.0		95.78187345620368			99.7827267789245						94.6793997271487								99.0521327014218										96.39698657058632				98.49624060150376							100.0							3.785982478097622		0.0				100.0							69.45340764642613																										100.0	100.0																	61.38437569552637		81.04354354354355		94.13877859708828	98.97610921501706		100.0	81.40866022054782		3.780933603882521		69.45402047611925	85.68372398849364	95.7826235254271	94.1361238272139	86.77763943784328	79.8180415771903
Danish	99.44289693593316	6.797344293392349		93.25393776411832			98.57324032974002						94.34952038369303								79.58656330749353										91.92759295499022				77.77777777777777							99.0376450608548							0.237399561723886		40.625	0.0			99.69586374695864						99.49748743718592	45.84835737179487																										85.71428571428571	100.0																	57.18079379889471	0.0	24.72999779590037		85.30915404649369	89.79797979797979		53.125	69.38471470427571		0.2451099649086118	0.0	45.862924799210994	25.899869562669632	93.25429828665897	85.31008966848876	66.71338124901874	61.74699577841042
German	99.99622918984144	0.2437756339899486		78.09848686701538			64.82990013722208						82.87335818191866								70.12477852753798										59.58677685950413				88.15631345572086							99.95439994892794							0.0312628077432637		31.25				99.97445821954145					100.0		32.22922362888588																										73.33333333333333	97.40032641641407																	59.73973784141347	0.0	38.23750985693365		55.07415692272435	46.9242125984252		59.09090909090909	55.2393160316226		0.0283438203146436		32.205359724056166	39.00021020727634	78.10096572514664	55.08840060214797	54.04347017499579	44.14698661480959
Greek	100.0	1.0858835143139192		95.48242333582648			99.4214876033058						95.94416911095378								70.99567099567099										87.22358722358722				59.09090909090909							100.0							1.5417594195729245		14.285714285714286				100.0							53.08092564699439																										65.85365853658537	82.30088495575221																	59.12327899984175		30.976253298153036		83.81404174573055	98.91304347826087		22.97297297297297	62.101464885825074		1.540388761792354		53.07809259316186	30.91686447561585	95.47941148122312	83.81749637459666	68.83658686504148	52.76314953684964
Emerillon	100.0	25.0		40.80459770114943									39.63963963963964								57.142857142857146										41.07142857142857				100.0							100.0							6.122448979591836		25.0	60.0										30.58252427184466																											97.5																	64.35643564356435		18.48739495798319		47.82608695652174	70.0		0.0	41.88817598533456		6.121691944082329	59.93449781659389	30.58317653186326	17.390965590005077	40.81001746424944	47.822203622483215	33.23947611985291	31.48137095258879
English	99.90363767766804	0.0796913010653468		96.31917430654651			99.55567075202724						96.91324188398448								99.693820745964										93.07716568544996				11.19075902183263							99.95136550692106							0.1943962470278259		24.87229862475442	55.82329317269076			99.82286254133209					99.56331877729258	99.69604863221883	37.88233523420907																										78.80794701986756	94.12559081701554																	69.30764339615851	4.918032786885246	8.948745574880714		89.53441802252816	79.7775760326827		47.87472035794183	68.18830879071842		0.1869847306168146	59.574819953656274	37.885575591147486	9.622034265124483	96.31943828292071	89.55734163563878	66.99528608213194	59.31871063257948
Spanish	99.98193532847594	0.8889042612064195		92.11438072911648			98.419339841934						95.9061891687422								48.70168191206846										94.35002296738632				82.69592476489028							99.6648012125452							0.840803047241617		7.272727272727272				99.78693503785304					100.0	100.0	62.77465373438503																										83.33333333333333	86.53768641676743																	56.5167673022446		19.56313010081613		89.74392126738817	94.30857487922704		75.0	70.39126224811422		0.8227753364846148		62.765650924520415	20.827472180327423	92.11397061248088	89.77244797686254	76.7090925424581	61.95503815584164
Yupik	100.0	100.0		42.67515923566879									43.62416107382551								25.0																					100.0							0.0													47.87234042553192																																												99.6774193548387		2.8901734104046244		81.15942028985508	99.02912621359224			78.22847682119205		0.0		47.87796436332511	2.732620099340617	42.6706254372049	81.17621691553016	31.897403740849416	31.707935963456777
Estonian	100.0	0.2251463451243308		71.51447334214959			94.25840518681906						65.29527008116429								85.45780969479354										71.98961170583391				52.72069702449449							99.96298078702848							1.848776707627588		29.312169312169317				99.98342175066313					100.0	100.0	24.348277952596785																										64.96124031007751	76.26499739175796																	56.50175942216872	62.5	40.64053622159091		50.61927072723569	86.02287166454892		44.95798319327731	51.885080749677726		1.844049204161213		24.3567568803617	41.80105368091252	71.52388400164827	50.63455350113292	43.71478230746786	42.623578918818495
Basque	100.0	5.894871249201958		14.45210548868373			10.01290066488042						15.56037207622144								34.09090909090909										17.626425021923414				14.889123548046465							99.64204973624716							75.60538116591928		34.78260869565217	0.0			100.0							27.51655846285002																										72.72727272727273	94.73684210526316																	69.46141032759579		19.64526268522676		26.23950419832067	94.71830985915491		67.44186046511628	32.43170842956538		75.5740891439305	0.0	27.517179532277797	19.03912941898484	14.45854601632908	26.25389650803484	21.81253887430228	23.328509770126345
Persian	100.0	0.7723605268602165		57.133263959729135			46.23569934801328						69.85318975996778								26.44773026184688										1.291901815462025				4.299876084262701							99.71082261736296							0.0990449239476476		0.0	2.857142857142857			99.9916922821301					100.0		78.82551843361841																											93.79310344827586																	89.5288864273599		2.579800032080415		36.4910843677147	95.09619896762084		7.5	55.81173258898377		0.0876343036478469	0.0	78.83785694666642	1.815185191196208	57.12818394626691	36.457882542534	53.82344733944292	52.16746505099201
Finnish	100.0	0.3260040230283693		79.04765858518765			98.45140032948927						71.75260540835093								99.49849548645938										82.6030705537347				22.887582659808963							99.80407731003442							0.8119766556711494		48.62700228832952	11.11111111111111			100.0					100.0		36.81723246840596																										54.76718403547672	99.68701095461658																	74.04621171413218	0.0	20.641099975151164		61.95838824328102	87.11747285291214		44.71544715447155	58.327293105803946		0.8010403438285915	12.5	36.81128083067645	20.426742282597225	79.0412067035376	61.944856001009605	47.74493564331576	46.3698708988434
Faroese	100.0	6.150186884131839		93.19966348850252			94.4620253164557						96.36852054521938								96.140350877193										76.41690682036503				86.01769911504425							100.0							3.2482598607888638		8.333333333333334				99.09909909909908							55.871212121212125																										100.0	99.30555555555556																	93.91804626042034		29.13819286256644		86.75841547331225	66.90391459074733		20.388349514563107	77.71729473905248		3.2280410773875734		55.89689744222694	28.396866048459668	93.2052370063212	86.74237832742335	71.8085219873944	70.05701697075854
French	99.93129980763946	0.4916351289215859		93.75868218047113		100.0	99.94981179422837		99.7275204359673				97.1834825465922								82.5883511882773										93.6246581586144				97.12230215827338							99.9838344649208	100.0	100.0	99.86636971046772				0.0599120916039082		41.71102661596958	28.346456692913385			100.0	100.0		100.0		100.0		67.0344245167088																									100.0	94.8616600790514	91.33202742409402							66.66666666666667									73.84615384615384	66.65339766511327	13.636363636363637	7.042510234984016		94.14574351170852	98.20660958079714		26.701570680628272	70.88280913782616		0.0514213518633029	28.07090986350452	67.04573861067828	7.562057510915573	93.75618112568594	94.16349003867712	75.51618276076057	60.153884128233074
OldFrench	100.0	0.1179941002949852		73.54094447917258			89.06718391818022						78.19628784736624								31.45592163846839										78.58220211161388				100.0							99.98058629392352							0.1193887297039159		2.9940119760479043	41.1764705882353			100.0							42.09264126149803																										71.42857142857143	27.34375																	77.64804919112802		23.126120741183502		56.42701525054466	36.27450980392157		14.38474870017331	57.14812860152493		0.1193546092757107	41.801578889606304	42.05667297639661	26.312922310586966	73.53833112392583	56.419472436825245	55.04692073307538	48.45326381941361
Irish	100.0	0.3224206349206349		93.69686916856728			83.33333333333333						92.48524930298905								97.04918032786884										98.6386305431999				88.53754940711462							100.0							17.184678262522574		63.392857142857146	87.27272727272727			98.9873417721519					100.0	62.2754491017964	84.3815991056271																										100.0	86.54408692018387																	53.98947829899167		88.93357848770398		93.44601167315174	99.94574064026044		27.77777777777778	81.54786369078465		17.178844186347266	87.2181964573269	84.3688894133501	92.29345270543644	93.6967419936285	93.40264941135254	90.99453688823088	83.41315191976668
Gaelic	100.0	0.0		94.59528852943065			88.74172185430463						93.65497208732356								98.71611982881598										96.85724646440228				100.0							100.0							6.447534766118837		15.234375	0.0			100.0							74.35178696566223																										100.0	98.90948745910578																	60.352504638218925	0.0	88.11740225605081		93.0592229347416	99.26495155362512		74.59016393442623	83.10032223415682		6.442428655577488	0.0	74.35245026679547	91.07060417374149	94.59513100461275	93.06631600875214	89.59509693189754	82.99096400042401
Galician	100.0	78.88888888888889		92.00061950671778			97.90874524714827						91.5196456565556								93.65101417060296										96.17463617463618				100.0							100.0							1.3415431185717726		16.666666666666668				100.0						100.0	77.80965812381461																										0.0	85.48387096774194																	67.8919121318023		21.29522338097077		91.80122614627408	88.64942528735632		0.0	73.37492882899981		1.3214438609646737		77.82956467866306	21.808417424064896	92.01523529416386	91.82362774160362	82.04866118434182	64.70449052141468
Guarani	100.0			13.043478260869565									9.090909090909092								100.0														100.0														33.333333333333336		81.81818181818181											42.5531914893617																											100.0																	100.0		42.85714285714285		47.82608695652174	50.0			43.646408839779006									
Gothic	100.0	61.25174407016145		79.73017011014795									86.78011643528885								78.91450528338136										40.20050125313284											100.0							20.502512562814072		30.28472821397757	16.666666666666668			100.0							53.66224928366762																										77.77777777777777	67.07317073170732																			34.609720176730484		73.8424402018872	90.9090909090909		25.899280575539567	67.29981435168848		20.523664203316837	17.2137913823058	53.6706545276231	38.70960982666327	79.73522211249266	73.84163018328464	64.03707830872706	60.84006619547277
AncientGreek	100.0	75.9970274956651		70.45516400492069			56.47058823529412						74.60426897046615								65.12539993807411										48.47439157282964											99.9551815148648							11.930343007915567		23.20975114271204	18.06930693069307			100.0							39.539878526332615																										67.72908366533865	67.59776536312849																	67.65212514521492		34.138240276347695		55.03731997056453	93.93939393939394		28.11059907834101	55.128221226085394		11.913771246166348	15.42623709889897	39.53516319040381	36.23776426155648	70.4478179455695	55.04283862804845	51.31638394140872	45.34747747983242
SwissGerman	100.0	0.0		75.53444180522565			82.0754716981132						78.46153846153847								54.54545454545455										51.72413793103448				85.71428571428571							100.0							0.0						100.0							34.22053231939164																											100.0																	86.51685393258427		27.678571428571427		50.72463768115942	25.0			59.511641113003975		0.0		34.217187058954806	26.401596002830885	75.5368599065014	50.73165904436636	53.962828045957465	47.75994895202466
Guajajára	100.0	2.0202020202020203		34.15518491660624			3.8251366120218577						35.60267857142857								48.333333333333336														66.66666666666667							100.0							1.96078431372549		93.28692192938836	0.0			100.0						100.0	61.628883291351805																										100.0	100.0																	93.21799307958476				68.50545221295702	100.0		75.0	65.81169178155392		1.9892066918510525	0.0	61.62824200264716	0.0	34.149084116189776	68.50930369876596	55.02031394386378	53.74265365243781
MbyáGuaraní	100.0	8.474576271186441		7.609502598366741			50.0						7.5492748233544065								100.0										0.0				96.44012944983818							100.0							0.0		15.384615384615383	40.0			100.0					100.0	100.0	25.878320479862897																											70.36247334754798																	75.82314205079962	10.0	13.376623376623376		29.56878850102669	97.78794813119757		25.0	42.66684882847189		0.0	39.81481481481482	25.887065884556165	13.60301409227946	7.609210845258731	29.5646823034148	16.975139216823806	16.88005618853262
Manx	100.0	0.0		99.39680469514184									99.17883211678831								100.0										99.94162288382954				100.0							100.0							3.8783269961977194		0.0				100.0							65.19567027477102																										100.0	99.13793103448276																	84.65697870902332	0.0	99.92041384799045		96.8381311939594	98.61111111111111		81.81818181818181	87.55861843983199		3.8744646078055096		65.19761228687491	99.93861691349244	99.39704200959387	96.8528100558398	93.21822078024256	85.48618907172059
AncientHebrew	100.0	0.0		98.0848748639826									98.36065573770492								98.48484848484848										90.88235294117646				100.0							99.9353169469599							6.130653266331659		30.59360730593607	21.62162162162162			100.0							75.52231106525664																										88.70967741935483	100.0																	77.88578371810449		68.93998441153546		92.95774647887325	100.0		68.96551724137932	78.59240680000858		6.119577960140681	21.89573540431909	75.52985829412667	74.3489878029618	98.08329501492784	92.96772395372116	88.06381916318131	80.98033168408831
Hebrew	99.76287262872629	0.2346666666666666		99.40462048049643			98.141592920354						99.55114715015232								96.82539682539682										95.8790004384042				97.75701893958836							99.99105465605152							3.377772463681473		28.571428571428573	22.5			100.0					100.0	100.0	79.59938437507178																										58.490566037735846	92.56965944272446																	56.02430356528717	9.523809523809524	33.82362067895488		86.06397397668745	90.88161209068012		0.0	76.91537734002101		3.3727216481341182	22.222222222222225	79.59944684850835	37.14442489941561	99.40470181983235	86.064185881649	82.56131719918325	70.06298884526032
Hindi	99.09909909909908	0.3297491039426523		8.811856582346163			0.217120155217813						11.215350166010346								1.0737790093522688										0.0645855758880516				7.428901678426084							99.37849596022374							0.0698730639338535		80.60606060606061	90.20172910662824			100.0						100.0	5.30186420386523																											100.0																	80.09086672879776		1.380186653814135		2.162358684925815	82.42946443656022		14.285714285714286	13.23080748278385		0.070765791607556	93.0681818181818	5.296663392867184	1.2523521700383835	8.807929634640846	2.1654932311672983	6.093241455474338	5.903038564139268
Hittite	100.0	12.64367816091954		24.814814814814813			0.0						30.55555555555556								4.0										0.0				50.0							100.0							20.0		31.18279569892473	0.0			100.0							26.0																										88.88888888888889	100.0																			2.0202020202020203		3.92156862745098	0.0		14.285714285714286	25.612316305108468		20.000000000000007	0.0	26.002134047718503	1.3157845257121368	24.812652728964423	3.922030617183321	18.890353567421684	18.907842216129417
Croatian	100.0	0.9707464252918798		85.35233570863025			71.09874496803221						93.24115865851569								75.73415765069552										84.35576310762046				50.0							99.96836777730915							0.4824443848834093		10.50830889540567	0.0			99.76614499010611						87.5	38.907150480256135																										38.0281690140845	81.53310104529616																	57.39943717927496		36.62879312733823		77.29487817006465	98.38420107719928		47.82608695652174	66.75588686545261		0.3787203817534209	0.0	38.908107711960845	34.81876957550882	85.35604140541703	77.29066257630996	61.53775690221079	59.92153523886846
UpperSorbian	100.0	1.1185682326621924		85.63458856345886			100.0						91.23867069486406								53.333333333333336										86.61417322834646				47.16981132075472							99.8531571218796							0.8438818565400844		100.0				100.0						100.0	31.792559188275085																										75.0	98.30508474576273																	60.564077189510144		28.24324324324324		57.48106060606061	96.3963963963964			61.66254092469856		0.8438704746490429		31.792409596737457	28.748231554719062	85.63288588917361	57.488142155748974	51.71425610429965	50.04861041299772
Hungarian	100.0	20.977484898407468		51.63785259326661			31.25						50.61919504643963								78.21782178217822										32.972972972972975				64.16							99.94526546250684							0.0379794910748196		41.66666666666666	100.0			100.0					100.0	100.0	8.41854124062713																										37.5	76.40449438202248																	46.97778543137593		27.02306847308678		25.469350825605066	86.04651162790698		0.0	31.91270054674196		0.0380615940350044	100.0	8.413394307385595	26.943014963992887	51.62326826787768	25.460659968614287	22.346528610062837	18.48125206270299
Armenian	100.0	0.8198821419420959		41.997914010893496			40.88530309638029						49.58618575661592								40.55793991416309										13.700331125827814				25.869894099848715							99.8413453910836							0.0642260757867694		16.74565560821485	82.25806451612904			100.0						100.0	10.497695852534562																										79.53216374269006	54.91967871485944																	38.50325973812524	100.0	20.29719689294157		36.79406731317741	98.90196078431372		35.714285714285715	35.550563900978055		0.064224355851873	81.92307692307689	10.491117189505951	20.21232577056477	41.99782896082205	36.81424398891723	25.590279069575956	24.175750440210564
WesternArmenian	100.0	2.185141040921732		48.18567103935419			73.75698734922035						43.93417258597651								55.53914327917282										9.785435630689207				26.05886575735822							99.880604934996							28.23239328093697		21.71717171717172	75.47169811320755			100.0						100.0	14.841363102232668																										98.93617021276596	57.9245283018868																	41.05244507441531	100.0	18.8812100665015		37.16093063149994	99.07346128391794		39.53488372093023	40.02311712439991		28.23287482213753	75.01082251082246	14.846934093053992	19.14666053287274	48.19270094014526	37.16884429267009	30.50279373948589	30.3077715817375
Indonesian	100.0	3.504769805060141	0.0	97.49059361298548			99.94725738396625						97.58686908945975								93.16666666666669										96.03825136612022				97.7753514398799							99.92182614133834							60.14436207569255		11.11111111111111	50.0			99.98219056099732					100.0	100.0	73.95625714209785																										100.0	88.17480719794345																	59.439989708846106		6.115959177636444		85.47134698068407	94.41571871768356		10.0	77.92328798150922	0.0	60.12165587396295	49.99999999999999	73.95408772347594	5.983265191775136	97.48329809396	85.43629045507122	70.42709351971888	69.93635323543452
Icelandic	99.97974068071312	18.11597603516511		91.42637762178336			88.61187407563914						94.55607909302276								95.05771495877502										74.40265486725664				64.68091029299185							99.96425592755868							12.339608504261497		17.247542448614833	0.0			100.0							58.754388178128494																											94.13711583924348																	93.3068959952044		39.12179401101115		83.45302990972283	76.92140686061659		57.63993948562784	77.36011235839531		12.271710566540524	0.0	58.74441281754739	39.27683936790968	91.42487924486927	83.45224255361674	72.39419310098131	70.90410935091232
Italian	100.0	1.4167114121680229		93.7691751595726			99.7716281569049						97.52191815679288								76.7072213500785										93.25361677000296				99.6166746526114							99.97970710589507							0.1752470909725471		53.59820089955023	32.833020637898684			99.97046008418876					100.0	100.0	61.95899772209568																										69.50354609929079	82.80112044817928																	76.84111532420238	100.0	22.44182188729324		88.049395830567	77.75129982668977		27.77369581190301	71.23757711690078		0.1752008004170469	31.983557671190468	61.95542890209018	24.396297275078467	93.769872220349	88.0716074598727	77.41830280180383	61.5467064845508
Japanese	100.0	0.9951820551299264		0.0600515871729809			0.1405219629055878						0.0380008492807255								0.0										0.0				14.72805382183675														0.2483101117395502		2.2197558268590454	0.0										1.6693842689649818																																												89.84843018037495	5.882352941176471	0.0304341388783786		0.008959824148518	82.97806927649108			11.715897254485782		0.2419198533615241	0.0	1.651094189851838	0.0271332808383575	0.060034201003683	0.0090633098790098	0.319413279806744	0.3187989593890815
Jamamadí				3.8461538461538463			0.0						6.666666666666667																		0.0				100.0																90.0											55.55555555555556																											100.0																	100.0		0.0		100.0	100.0		0.0	39.66942148760331									
Javanese	100.0	0.0	0.0	100.0			100.0						100.0								100.0										100.0				100.0							100.0							68.33333333333333		0.0				100.0							76.92307692307692																											100.0																	67.10963455149502		1.6666666666666667		80.08474576271186	95.0			77.15803452855246	0.0	68.32862700803213		76.9260615666181	1.6107514434345165	100.00000000000004	80.08159307377844	68.89003823623001	68.81611353121671
Khunsari		0.0		66.66666666666667			100.0						64.28571428571429																						25.0																				100.0							26.31578947368421																																												100.0		0.0		33.333333333333336				49.36708860759494									
Kazakh	100.0	3.0	100.0	0.7148530579825259			0.0						1.026225769669327								0.0										0.0				3.076923076923077							100.0							0.0		59.25925925925926				100.0							2.9293299157817647																										15.384615384615383	47.5																	76.62213740458016		0.8896797153024911		0.4807692307692308	8.8		30.0	22.39432677055146	100.0	0.0		2.9243854517746115	0.9848000926051848	0.7094613769226402	0.4702396289616077	1.686289578006427	1.6754048328755082
Kurmanji	100.0	10.989010989010987		60.22247794399693			97.94520547945206						63.86709736963544								100.0										9.057971014492754				7.03125							99.19028340080972							0.0		7.142857142857143	0.0			96.66666666666669							65.73830793483972																										50.0	97.22222222222224																	73.88584831899922		1.0935601458080195		23.98989898989899	89.72332015810277			54.61074878230001		0.0	0.0	65.73416323967285	0.9669933516987208	60.221453439171576	23.980535243941524	45.627063613361535	44.2476827285566
Korean	100.0	7.250806588554933	0.0	0.3973105134474328			0.0482450850319623						0.5396174863387978								0.1966085033177685										0.0589275191514437				9.87703688893332							99.92779493762283							0.3980099502487562		40.81632653061224	0.02385382376795			100.0					100.0	100.0	3.9666993143976494																										50.0	100.0																	83.3009365612299		0.4392999093508123		12.008192303546403	41.50751497344333		18.75	20.83460670582374	0.0	0.3984196330527523	0.0219394739415273	3.966594805133676	0.2858878456431232	0.3931454934792721	12.015003474517531	3.082127156764232	3.0262866421080896
Komi-Permyak	100.0	0.0		68.38235294117646			93.33333333333331						58.76288659793814								100.0										83.33333333333333				0.0							100.0							0.0		66.66666666666667	0.0			100.0						100.0	23.863636363636363																										100.0	100.0																	60.352422907488986		26.666666666666668		50.63291139240506	75.0		0.0	51.21951219512195		0.0	0.0	23.868616974223304	28.40831562872748	68.38877214979848	50.62675422903728	39.682722667814986	38.92127197265656
Komi	100.0	1.1210762331838564		56.35593220338984			85.40925266903915						48.0635551142006								77.77777777777777										54.54545454545455				2.9411764705882355							100.0							4.761904761904762		30.952380952380956	38.46153846153846			100.0						100.0	18.034118602761986																										82.3529411764706	85.18518518518519																	52.94396961063628	0.0	26.35212888377445		45.66353187042842	94.44444444444444		33.333333333333336	44.04903485499954		4.778009476817044	38.64406779661017	18.020126544297327	28.87070562829455	56.34923378045238	45.661910522105394	33.53448710042277	32.76243365563319
Karelian	100.0	0.0		75.84033613445378			98.30508474576273						73.27586206896552								69.23076923076923										69.64285714285714				56.25							99.24242424242424							10.81081081081081		0.0				100.0					100.0		19.69465648854962																										0.0	95.23809523809524																	59.22671353251318		17.083333333333332		57.40181268882175	100.0		0.0	53.88988629563136		10.824684115523466		19.697086246530503	19.26805321591245	75.83884348614644	57.400073924012496	41.533719657852885	40.91111011748874
Latin	100.0	23.25581395348837		74.10494727628891			21.356578588940344						82.54518741244405								52.20783704470913										58.29630432426574				84.70588235294117							99.9185551686926							28.0882382114305		20.728953311275667	53.19465081723626			100.0							51.35350393073658																										73.61169102296451	64.91428571428571																	55.00546181693434	43.75	26.794280389743356		51.28015625824843	98.18456883509832		30.76923076923077	59.45099643120932		28.063983029657383	53.87282934515724	51.34826602246335	26.564976627059284	74.09851721970199	51.25836491320821	55.24077513900468	53.2810966738576
Ligurian	100.0	0.0		81.12122664111165			100.0						93.67945823927764								50.26737967914438										99.14529914529916											100.0							0.2355712603062426		17.391304347826086	25.0			100.0							56.494325346784365																										100.0	92.7710843373494																	56.43939393939394		11.79245283018868		85.243553008596	35.13513513513514		50.0	63.82224323366032		0.2355418410384827	24.90601503759398	56.49045388240815	12.597318977670318	81.12371019778558	85.22822706903483	68.79234359184095	56.95960068117027
Lithuanian	100.0	2.1823617339312404		79.01156677181913			97.14285714285714						90.33139327711127								57.311935807422266										93.82566585956415				0.0							100.0							1.945181255526083		12.5	0.0			100.0						100.0	17.42218064296649																										90.0	39.483870967741936																	50.81135177639574		28.694736842105264		54.53989605625191	85.71428571428571		50.0	50.94038221610718		1.9220057903241363	0.0	17.406115030458757	31.19990501251869	79.0193582005187	54.53476074709184	40.1889055291479	39.312203798616096
Latvian	100.0	0.1126614091342404		85.67761900427779			98.90264490714688						87.32590889124312								71.64710536726889										84.8145968216598				89.24205378973105							100.0							1.1838254855014632		13.269293389775315	0.0			100.0					100.0		18.3473841905825																										45.55765595463138	75.27372262773723																	50.06598680263947	13.333333333333334	27.052268718935384		51.43630690161528	84.88576449912127		53.68421052631579	53.527576536212656		1.1888519909565922	0.0	18.335057131771404	30.43864686352815	85.67629322751677	51.43495669597356	45.126347394039136	43.38083995789052
ClassicalChinese		0.0	96.88279301745636	89.44131292218881			99.86644407345575						88.59653587120634								99.40898345153664										100.0				21.558164354322304							99.86175785797438							0.0479501318628626		94.62271383200088	25.945945945945947			100.0						96.55172413793105	3.4482280901055664																										100.0	99.92599171107165																			0.2962466833251758		22.573200634645897	94.4206008583691		12.690355329949238	54.05624489379085	96.92096133310724	0.047718642759965	26.3521477036196	3.4523425026549672	0.206282672526792	89.43850251797393	22.555074330287827	30.16569519989265	30.08105985889892
Moksha	100.0	0.0		68.98047722342733			94.84536082474229						62.58064516129032								35.714285714285715										67.5				0.0							100.0							6.0		8.333333333333334	100.0			100.0						100.0	14.736842105263158																										100.0	73.6842105263158																	64.75903614457832		30.02832861189802		50.72886297376093	66.66666666666667		20.0	49.30456996877661		6.000201349038559	100.0	14.725483539972064	31.90959427564501	68.97850385944682	50.73224501736468	36.95425154005969	36.23599082969289
Malayalam		72.72727272727273		12.5			50.0						0.0								0.0										11.11111111111111				0.0							100.0							0.0						100.0							3.8461538461538463																										100.0	100.0																	94.11764705882354		3.0303030303030303		0.0			0.0	30.18867924528302									
Makuráp		33.333333333333336		9.090909090909092			0.0						10.0																													100.0									70.0											26.31578947368421																											93.75																	100.0		40.0		77.77777777777777	70.58823529411765			44.785276073619634									
Marathi	100.0	1.5384615384615383		6.214039125431531			6.2015503875969						5.169628432956381								25.0										3.896103896103896				39.75903614457831							100.0							0.0		70.17543859649123	37.5			100.0					100.0		2.538071065989848																										100.0	100.0																	77.67379679144385		2.4489795918367347		2.366863905325444	75.0		27.58620689655172	23.27058823529412		0.0	37.10526315789473	2.5409194462293363	2.244695512903132	6.217611613235023	2.3654712500795245	3.9520063943422303	3.763685308458261
Maltese	100.0	0.2619515389652914		98.75393869951304			99.75942261427426						98.87527432333576								97.86780383795308										97.25536992840097				23.25581395348837							100.0							1.7726006583945302		28.846153846153847	0.0			99.86282578875172					100.0	76.47058823529412	67.0676478913105																										100.0	90.27027027027027																	88.0735884965109	100.0	24.98984152783421		82.74492497793469	96.29629629629628		31.428571428571427	79.00333648544971		1.7820417843334757	0.0	67.06237707683749	26.268964815510486	98.75240641101206	82.7459064059693	79.65866942242104	70.36616722177754
Mundurukú	100.0	100.0	100.0	4.761904761904762			0.0						4.639175257731959								0.0										20.0											100.0							0.0		58.064516129032256	100.0			100.0							37.79527559055118																											100.0																	92.53731343283582		35.483870967741936		41.61849710982659	76.0			37.43016759776536	100.0	0.0	100.0	37.79920493952466	29.00733797270909	4.760670645069621	41.620999841338815	26.325297922179832	27.10733060513684
Erzya	100.0	0.7653061224489796		64.94565217391305			94.57478005865104						53.69167158889545								66.66666666666667										57.03125				23.31838565022421							100.0							3.16622691292876		23.64864864864865	30.76923076923077			98.03921568627452							12.821888412017168																										63.888888888888886	80.55555555555556																	56.37245001009897	100.0	34.542667347981606		50.4885993485342	93.39622641509432		48.97959183673469	48.949849978568366		3.1873130814782407	30.46875	12.824680396327544	37.725585238558175	64.94575927038181	50.49002550168952	38.13235287016017	37.00924604442808
Neapolitan				100.0									100.0																																				0.0													100.0																																												100.0		0.0		100.0				63.63636363636363									
LowGerman	100.0	0.0		69.14119359534207			59.770114942528735						75.31120331950207								62.5										48.14814814814815				83.33333333333333							100.0							0.0		16.666666666666668	20.0			100.0							41.11776447105788																										75.0	94.3661971830986																	39.04109589041096		30.55555555555556		48.03921568627451	25.0		100.0	50.84021646254628		0.0	20.0	41.11724966829523	30.833024231900648	69.1330453670498	48.034334294376734	50.85721243731881	43.58111064756398
Nahuatl	100.0	0.0		95.26534859521333			99.24528301886792						92.8709055876686								88.23529411764706										87.27272727272727				100.0							100.0							0.0		15.189873417721518	31.57894736842105			100.0					100.0		32.873074880509826																										100.0	98.26839826839829																	59.579060982191045	55.55555555555556	36.14609571788413		74.60317460317461	98.85057471264368		47.36842105263158	61.94714131607336		0.0	31.57894736842105	32.877567564151434	39.9576176361665	95.2663824378443	74.59078627569765	60.54062686665875	51.4992911533148
Dutch	100.0	0.5378753922008068		84.03467158628364			89.4426074633916						88.00412829469673								70.76719576719577										56.452129362792185				62.64193792581378							99.98872731371884							0.0172716543366245						100.0							31.811030410138148																										67.47967479674797	85.76732673267327																	61.82174181262238		32.45540923487248		69.14939286152337	97.67835960006778			61.3804078812489		0.0184624163195535		31.82703938845928	33.96332084659469	84.03912639605963	69.15302328923912	58.99362615662256	49.38897675791554
Norwegian	100.0	0.8040996583618032		96.22293254122005			99.70575466692394						98.12083413386932								92.10807918673088										96.68606834397296				89.73305954825462							99.98035131842651							1.7297517297517295		23.378926038500506				100.0							39.73907584813996																										100.0	88.11453268503512																	66.50277042879249	4.705003734129948	27.05698385687348		87.92671694202981	4.660670482420278			72.50432804198635		1.720462837277464		39.73033363262113	28.8067874019148	96.22650161549342	87.94914957468737	68.72661881484137	64.57811145784586
Nayini		0.0		72.22222222222223			100.0						70.58823529411765																						33.333333333333336																				100.0							31.57894736842105																																												100.0		0.0		0.0				51.16279069767442									
Livvi	100.0	0.0		72.76785714285714			100.0						65.13157894736842								100.0										76.47058823529412				40.0							100.0							0.0		0.0				100.0					100.0		21.580547112462007																										46.66666666666666	100.0																	47.86324786324786		25.34246575342466		56.95364238410596	100.0		100.0	51.70421721548238		0.0		21.58415235230653	27.998643109870365	72.76864762171259	56.94466297355405	41.226918415067445	40.65814068511953
OldEastSlavic	99.84987802589605	33.712216466328016		83.91345928291742			60.65442936951317						87.94224336929382								70.69169626247252										52.477064220183486				0.0							99.98126171143036							37.68545994065282		23.05481874447392	9.75609756097561			100.0					100.0	100.0	41.38477040449115																										51.845184518451845	75.23474178403755																	35.52246514029954	0.0	46.3620757955896		68.54022376132126	64.89138051857043		51.44437615242778	65.97915083824738		37.652389761409694	9.719687845678855	41.38386534055226	47.85154113625066	83.91932991587413	68.54484819974024	63.06790228826196	61.92280534698983
OldTurkish		100.0		0.0			0.0						0.0																		0.0				0.0							100.0							100.0													0.0																																												95.74468085106383		0.0		0.0				29.18918918918919									
Naija		0.1053740779768177		99.97716199756394			100.0		100.0				99.96344647519582	100.0	100.0	100.0	100.0	100.0	100.0	100.0	99.97014925373136	100.0	100.0	100.0	100.0	100.0	100.0	100.0	100.0	100.0	99.9746514575412	100.0	100.0		73.83333333333333	100.0	100.0	100.0	100.0	100.0	100.0	100.0	100.0	100.0	100.0		100.0		0.2232142857142857	0.2127659574468085	8.97308075772682	2.8781793842034804			100.0	100.0						48.25928180158247	100.0	100.0	100.0	100.0	100.0	100.0	100.0	94.2528735632184	100.0		99.21630094043888		97.22222222222224	100.0	0.7874015748031497	20.0	0.0	0.0	16.666666666666668	1.4492753623188406	0.0	1.9230769230769231	0.2557544757033248	0.0		100.0	90.931253047294	99.89764585465711		19.607843137254903	0.0	0.0	0.0			0.0	99.37106918238992	100.0	100.0	100.0	100.0		97.67441860465117	50.09952379752576		0.4826613202643499			89.04109589041096		13.636363636363637	67.80415988308053		0.253410972352755	3.025993008275349	48.246322086981806	0.512835724848803	99.97297916606809		66.08851314912158	61.14685710690223
Polish	100.0	0.9816799170411338		88.35443986511802			41.03516304978531						95.03892014489084								84.27242595958516										81.82598249528058											100.0							5.718098757827739		18.91891891891892				99.90487514863258						11.397058823529411	45.51709267680727																										48.80952380952381	30.92252575011196																	60.47741980296593		28.88902405644597		76.61099496887132	98.88719179576697		62.5531914893617	69.1838873631793		5.705581252762608		45.516726118714	29.084030871854864	88.35730878493683	76.60272369835926	64.04507050960689	62.389641779398815
Portuguese	99.95776670326886	1.000099019704921		97.03863323016998			99.89082969432314						98.09183544521925								92.57521837593012										96.08205818059524				99.50248756218906							99.96580157312764							0.4209280147324805		11.30952380952381	30.0			99.99472851871376					100.0	100.0	64.18817499542376																										86.04651162790698	80.09549388242316																	58.65287369607305	0.0	14.08778725730174		91.4916462655156	96.88130125016804		52.94117647058823	71.74455038746426		0.4152557597564333	0.0	64.19050623037944	14.307046220468193	97.0445836711238	91.50443718824022	78.26101262915634	62.88058281060246
FrisianDutch	100.0	0.0		80.48498845265588			73.6842105263158						82.66871165644172								81.81818181818181										79.74683544303798				65.38461538461539							100.0							0.3012048192771084		46.23115577889448	0.0			100.0					100.0	100.0	34.81375358166189																										94.44444444444444	85.71428571428571																		0.0	33.04597701149425		70.0	88.33333333333333		66.66666666666667	58.4792516190933		0.3013561024610748	0.0	34.81108103606386	34.8266569096798	80.48564425793225	69.9991435420576	56.66804254155629	49.46031802202464
HindiEnglish	16.666666666666668	0.6085192697768763		41.05837154542075			21.15482881962187						46.195872116552								66.93877551020408										49.23580786026201				8.606921029281278							99.49409780775716							0.1023541453428864		86.1878453038674				98.91304347826087							33.3707444818556																										94.44444444444444	98.66666666666669																	75.82804792107117		6.71761866452132		32.86290322580645	42.42424242424242		31.0	39.01908016086602		0.1015228426395939		33.36595576364419	6.311236409085122	41.05395140169194	32.85066456611001	32.46014135189139	30.81631529858401
Pomak		0.0656311529205863		76.66810557474099			72.39163789796702						86.37555143533022								75.1936047964027										100.0											100.0							21.43211100099108		38.27433628318584				100.0							31.98194130925508																											0.7751937984496124																	58.01572444777237		33.46593734460468		73.32683560753736	26.70671764063353		64.7457627118644	63.99192964678633		21.439851846998828		31.97842365141872	32.035728254983084	76.66832373586072	73.316275486385	62.57349667253342	59.58683601875972
TurkishGerman	100.0	2.204261572373255		54.64301684304665			68.2502896871379						53.11067452521284								66.10878661087867										49.824150058616645				32.513661202185794							100.0							0.2977963073257891		26.635514018691588	82.90598290598291			100.0							38.18797629127858																										47.82608695652174	85.24904214559388																	69.16846652267819	4.393673110720562	24.320949110209177		23.48336594911937	78.2122905027933		44.89795918367347	44.79665215613651		0.2979871754729626	82.80466478676196	38.19427944462375	22.552664623858853	54.633047493702286	23.49610210798159	39.13202697564196	36.4313431704644
K'iche'	100.0	0.0	0.0	86.64831383344804			37.72727272727273						95.8128078817734								90.0										0.0				100.0							100.0							0.7790368271954674		38.66666666666666	28.571428571428573			100.0					100.0		60.29935851746258																											100.0																	89.56109134045077		68.77637130801688		88.60353130016051	90.94650205761316		76.92307692307692	68.71697737015252	0.0	0.7780515435779901	28.57142857142857	60.29815195777844	66.0501204129262	86.64961978913948	88.6026194759648	73.15009063362206	56.547162417261006
Romanian	100.0	0.5337917307518321	100.0	83.47935055028877			95.50377220734973						91.60771036619448								55.35970268117865										85.85073164758464				66.33165829145729							99.98066553524244							16.782188615837008		14.86784140969163				99.95711835334475					100.0	90.9090909090909	67.17678284151165																										80.09049773755656	81.11865502748141																	50.85855325612303	100.0	33.927708255008326		82.7748222280748	92.66712141882674		46.52996845425867	71.19419373752127	0.0	16.77002481768002		67.17982813848707	35.80689852618595	83.4833789548976	82.78014972361646	73.08833829036398	69.4283621764653
Russian	100.0	0.2056253212895645		91.89565736605756			81.52570064094508						94.85296458627388								64.75602286647612										72.77496221214547				10.542321338063864							99.98570140126267							5.480711035394858		47.87234042553192	5.084745762711864			99.69261610424324					100.0	100.0	36.93334431902447																										60.76426264800861	62.53028263795424																	52.95106517737172	40.0	29.496302691863136		69.14520059063233	93.9602797774034		39.898132427843805	62.32508511095057		5.422843763368756	4.166666666666667	36.91696469637567	30.891438546237517	91.90321063460163	69.15345507702737	56.5923963281892	54.67863999745546
Sanskrit	100.0	76.83109118086696		23.640127987954077			28.571428571428573						25.411140583554378								27.489481065918653										11.866501854140914				0.0							99.18875067604112							8.08457711442786		41.47843942505133	0.0			100.0							24.462977002779883																										27.642276422764223	82.71028037383178																	96.92307692307692		21.84466019417476		16.9811320754717	96.55172413793105		37.20316622691293	31.002462890234973		8.086651587779166	0.0	24.46073279398837	21.33726713874225	23.62942616199708	16.979861922005863	22.70039263420936	22.143323672782024
Yakut	100.0	2.9411764705882355		3.9548022598870056			0.0						4.225352112676056								20.0										0.0				50.0							100.0							5.333333333333333		80.55555555555556											8.992805755395683																											100.0																	93.75		0.5291005291005291		2.083333333333333	0.0		0.0	21.998450813323004		5.332896210693113		8.99301783493216	0.6558328847817017	3.9493943113800944	2.0844540075309306	4.204902626621259	4.295790372935175
Zaar		0.0		99.6576807873342			100.0	100.0	100.0	100.0	100.0		100.0								99.12280701754386										89.0625			100.0	100.0	100.0	100.0	100.0				100.0	100.0	100.0	100.0				43.52941176470589		31.91489361702128	3.816793893129771			100.0	100.0		100.0	100.0			69.23076923076923																											60.61643835616438																	83.0150068212824		1.2345679012345678		53.84615384615385	97.36842105263158		69.23076923076923	85.0149746979242		43.62186788154897	3.7873015873015854	69.25017752497905	1.0706638115631688	99.65815861440292	53.83427689140504	82.27849761010475	81.4336175717282
Sinhalese		33.333333333333336		0.0			0.0						0.0								0.0										0.0				55.294117647058826							100.0							0.0						100.0							3.225806451612903																																												100.0		0.7936507936507936		1.96078431372549	65.71428571428571			24.347826086956523									
Xibe	100.0	0.9433962264150944	96.96969696969695	1.2584138132865086			0.0						0.6630880959898958								4.761904761904762										13.461538461538462				55.73529411764706							98.0276134122288							3.6649214659685865		92.7536231884058				100.0							1.843506759524785																											19.491525423728813																	94.93403693931398		0.1040582726326743		0.3241491085899514	100.0		0.0	19.296979120390937	96.92028985507248	3.661853944339819		1.8429229593449945	0.1458343201551355	1.2599452883789783	0.3239316855385619	1.274920130515914	1.883566447400094
Slovak	100.0	0.8477141992128369		76.46507942225264			59.13978494623656						87.94967019566543								60.871044572984005										82.44444444444444				0.0							100.0							1.9592777564348829		21.73913043478261				100.0							34.38440524146872																										100.0	66.15384615384616																	68.85520125457397		36.28271555732696		68.5379241516966	78.64897466827503		70.58823529411765	62.98375577184999		1.9360186170679632		34.383466388650874	37.10424243188808	76.46198693944729	68.5466951203066	55.56122233552833	53.63046483410227
Slovenian	100.0	0.2486135016255498		85.08035038668223			93.22046708487645						89.6484485924692								37.71676300578034										89.9767261442979											99.99196464443553							0.0455719276925414		28.74299439551641	55.223880597014926			99.9633431085044						100.0	36.75219846071651																										44.49950445986125	90.13978088401964																	49.2306940848923	4.117647058823529	47.18255991840898		70.96817375589839	89.85932004689332		48.648648648648646	65.56034421851376		0.0455597688650294	56.99220713926597	36.75200102274171	45.172923357499016	85.07701061208037	70.95545028851035	61.897159849133104	59.89848249070262
NorthSami	100.0	80.94768015794669		83.27582707529938			97.96659404502542						72.77448071216617								100.0										92.68004722550177				1.7857142857142858							100.0							6.849315068493151		89.25925925925925				96.89922480620154							38.2174688057041																											91.9753086419753																	85.2039584841902		25.291479820627803		68.15169366715759	100.0		31.25	66.44677137870855		6.806810489641419		38.21471253667627	28.9729414171246	83.27465245010184	68.15094010189242	52.813174907899	52.25658747764713
SkoltSami	100.0	0.5813953488372093		65.60364464692483			93.5483870967742						57.40072202166065								62.5										63.793103448275865											100.0							3.508771929824561		14.92537313432836	75.0			50.0					100.0		26.923076923076923																										66.66666666666667	100.0																	49.41348973607038	11.11111111111111	9.897610921501707		47.474747474747474	91.30434782608695		55.55555555555556	49.78792822185971		3.5075268817204304	75.19083969465649	26.928912331235367	10.483170803200116	65.60809256505145	47.450495049504944	36.78019571541977	35.37981185302794
Soi				66.66666666666667			100.0						63.63636363636363																						0.0																				100.0							21.428571428571427																																												100.0		0.0		0.0				47.45762711864407									
Albanian	100.0	0.0		93.8388625592417			100.0						99.35897435897436								91.66666666666669										75.0				100.0							100.0							1.4492753623188406						100.0							78.8659793814433																										100.0																		84.70588235294117		17.142857142857142		82.89473684210526	100.0			70.29053420805998		1.449387405253693		78.86325303413635	15.004639150605009	93.84270496224384	82.88544828419799	73.83767089446076	59.943082060483405
Serbian	100.0	0.5213424568263278		87.67898383371825			68.96628711766019						97.24568915634764								99.8696219035202										87.49389350268686				66.66666666666667							100.0							0.2129925452609158		28.2				99.86096628432396						100.0	39.07854697603651																										62.22222222222222	85.44562551103843																	57.546787652920685		34.75846034616378		83.66035770098975	99.0328820116054		0.0	69.62431276725718		0.2230747779853886		39.07289871265431	33.06505045811626	87.67976511313009	83.65784906768855	64.18161149451421	62.47297575764636
Swedish	100.0	1.8061964403427817		96.62933972510392			99.66679007774898						97.76811734991256								98.2844889206576										93.3573090755236				93.09225776541491							99.7921452795099							0.0843249320715825		9.92063492063492	36.43617021276596			99.47712418300654						100.0	33.81291431377363																										94.11764705882354	97.31136166522116																	72.63708271886311	0.0	25.36249572816482		88.32552194290584	85.7186638063132		52.17391304347826	70.39601117711523		0.0828548007104416	36.39706519892543	33.80979104758615	26.263037942740254	96.63483911437191	88.33999689267662	64.17657135652901	59.6909465688703
SwedishSign	100.0	0.0	96.29629629629628	86.70212765957447			96.0						84.21052631578948								93.33333333333331										86.66666666666667				74.73684210526316							100.0							37.5		60.869565217391305				100.0							45.90163934426229																										100.0																			0.0	20.192307692307693		76.22950819672131	55.55555555555556		100.0	71.28526645768025	96.29943919716648	37.506231306081744		45.91002510416223	18.79294050534472	86.70536920717413	76.23913286018114	50.06910123427281	50.57377439241261
Tamil		55.23809523809524		0.4205214465937762			0.2881844380403458						0.4682274247491639								0.5376344086021505										0.0				85.71428571428571							100.0							1.7857142857142858													6.813865147198481																											80.0																	76.79269882659713		1.6323024054982818		0.4233700254022015	33.333333333333336		0.0	13.774330673428295		1.7499273889050242		6.812997428319141	1.6441528193600008	0.4205342989938805	0.4239305418174691	3.482934520514559	3.4527529220951214
Telugu	100.0	38.46153846153846	100.0	1.358695652173913									1.2012012012012012								2.857142857142857														0.0							100.0							3.870967741935484		75.86206896551724	0.0			100.0						0.0	2.902055622732769																										25.0	64.28571428571429																	92.42320819112628		0.2570694087403599		1.3856812933025404	100.0		0.0	25.983313468414774	100.0	3.8704753304900033	0.0	2.900974838289839	0.3224615733601393	1.3583630153824826	1.3858333744389084	1.2681021209197345	1.4036147692032563
Thai	100.0	0.3129890453834116	100.0	94.24964936886396			79.82283464566929						96.35526568194898								98.08612440191388										98.55072463768116				99.63674104826154							100.0							58.83777239709443		100.0	0.0			100.0					100.0		78.17919075144509																											100.0																	47.4264705882353	0.0	0.6318207926479035		88.94248608534323	99.43714821763602		0.0	83.4176859271756	100.0	58.78723345732144	0.0	78.17375678226034	0.5639294012880971	94.24748136935504	88.94180071233896	76.48926241308007	76.4002101881619
Tagalog		0.0		86.19047619047619			100.0						85.94507269789983								100.0										100.0				54.54545454545455							95.23809523809524							2.7777777777777777		100.0				100.0							51.53061224489796																											100.0																	89.01098901098901		93.33333333333331		94.40993788819875	100.0		50.0	82.5368468066101		2.798507462686567		51.537237937634586	93.39643173387358	86.19182141278992	94.40559703315157	82.9032351856226	80.56835378590023
Tupinambá	100.0	54.54545454545455		21.44177449168207									18.395303326810176								71.42857142857143										75.0				61.29032258064516							100.0							8.0		51.776649746192895	0.0			100.0							47.03947368421053																											98.3695652173913																	91.86376537369917		39.7196261682243		57.5	73.75		60.0	57.251566696508505		8.00130102455684	0.0	47.03520156485972	41.50153038776008	21.441706095201567	57.4953276077015	41.879335044192864	41.49340023642897
Turkish	100.0	4.084584653533544	1.0869565217391304	2.019077131651576			0.8960150907804763						2.1965486984498392								4.24545130217624										0.1252086811352253				25.231828176285013							99.42017439029787							0.0799651061355045		27.748102333427045	74.73684210526316			100.0					100.0	96.33152173913044	3.0745152759379817																										44.44444444444444	8.103813559322035																	79.9853914239065	71.42857142857143	2.5196185975867014		2.282406722246888	86.10554442217769		44.89247311827957	20.821796899930067	2.2727272727272725	0.0726504451444829	74.90144205830478	3.0748878545750067	2.53376474708914	2.015419260453088	2.2723053082414943	2.66947383687757	2.519441373825922
Tatar	100.0	1.7543859649122806		1.1363636363636365			0.0						1.4851485148514851								0.0										0.0				18.75							98.91304347826087							0.0		0.0				100.0							4.144385026737968																											94.5945945945946																	57.880434782608695		5.555555555555555		2.074688796680498	50.0			20.283806343906512		0.0		4.1429466218362325	6.801324421199149	1.1365698729582576	2.074922138487401	3.7254744482702256	3.693504970807476
Uyghur	100.0	1.4195583596214512		2.414282815987016			0.8928571428571429						2.470078940667176								15.789473684210526										1.6420361247947457				1.6221374045801529							99.80713596914175							0.4410143329658214		8.118081180811808	60.0			100.0							1.382716049382716																										71.42857142857143	2.469135802469136																	83.84782887152555	0.0	3.785732680916817		0.711068973690448	62.31884057971015		22.22222222222222	20.50157040446906		0.4415603252986523	62.85714285714285	1.382135274758583	4.255784063740171	2.3980744075829503	0.7031475496324591	2.1605926888355	2.100460332113184
Ukrainian	100.0	0.0		91.08521940984778			66.66666666666667						92.51962744428732								72.63157894736842										79.50963222416813				42.61363636363637							100.0							2.74822695035461		21.32701421800948	78.94736842105263			100.0					100.0	100.0	39.261683273890505																										50.390625	84.78653036680697																	48.23908836809289	0.0	26.76737160120846		73.73920552677029	82.28941684665227		53.92156862745098	62.03916341270818		2.7576194875111177	80.79365079365078	39.250707799009454	28.675670561430078	91.09553003130628	73.73941050915437	58.80566408722903	56.33304525080737
Urdu		0.3028467595396729		9.521196902234696			0.1775523145212428						12.168651816479908								0.8048289738430584										0.3024803387779794				5.940897259225234							99.33041462786504							0.0735564545788892		33.333333333333336	91.52046783625732			100.0							9.470361276745002																																												88.2216755896397		0.6335215535050268		2.6752719512829857	71.47722435078757		0.0	13.642866648922013		0.1034482758620689	91.02919054969472	9.4811226758948	0.6253580411906889	9.52430020207646	2.690741978038911	7.665751578645399	7.455586944452069
UrubúKaapor		0.0		15.0			0.0						11.764705882352942								66.66666666666667														100.0							100.0							100.0		93.75											43.05555555555556																																												100.0		6.578947368421052		75.0				29.47658402203857									
Vietnamese	100.0	1.8007202881152462	16.473072861668427	98.33033393321335			97.42647058823528						99.34815950920246								91.2										96.83377308707124				98.52558542931484							99.9395039322444							44.16666666666666		51.92307692307692	4.166666666666667			100.0						100.0	54.01011949617828																											86.44444444444444																	69.35432569974554		1.4412997903563942		69.96711728169528	100.0		33.333333333333336	72.77095148078135	16.490822615219727	44.172001621604906	4.166666666666667	54.00493283203097	1.0598434583475889	98.33000338955162	69.96935393445958	59.90732915401088	57.81441745643379
Warlpiri				53.09734513274336			92.0						17.647058823529413								41.66666666666666																																									75.0																																												100.0		14.285714285714286		33.333333333333336				54.69168900804289									
Wolof	100.0	0.0731528895391367		84.25600468658465			74.34110875492276						87.74080560420315								94.84092863284609										69.66292134831461				90.35812672176309							100.0							57.680050987890375		12.76595744680851	4.361702127659575			100.0							79.59215201606673																										63.63636363636363	96.6019417475728																	45.57247602932882		9.113977585113131		80.63680118474639	100.0			69.49984767844023		57.6809138168641	4.352995510531316	79.57744042928768	8.362422172065065	84.25637982558932	80.62182020218985	66.67006291944747	65.79147597668913
Xavánte				22.22222222222222			100.0						5.2631578947368425								0.0																												0.0		83.33333333333333											11.11111111111111																																												100.0		6.666666666666667		33.333333333333336	63.63636363636363			34.645669291338585									
Kangri		29.166666666666668		4.426002766251729			0.4444444444444444						6.937799043062201								20.0										0.0				7.547169811320755							100.0							2.1739130434782608		0.0											7.627118644067797																																												99.03225806451611		1.7857142857142858		2.247191011235955	62.36559139784946			17.260088165479825		2.172912557527942		7.632831852665492	1.6532459483791373	4.434524069011189	2.2487829862416366	4.356020774098479	4.294496994532941
Umbrian	100.0	0.0		30.76923076923077			0.0						30.89887640449438								59.09090909090909										0.0											100.0							0.0						100.0							52.46636771300449																										100.0																				12.903225806451612		35.922330097087375			100.0	40.022935779816514									
Yoruba	100.0	1.1428571428571428		87.23761544920235			95.14285714285714						91.88275084554678								81.81818181818181										96.29629629629628				93.26923076923076							100.0							30.03663003663004		62.5				100.0					100.0		72.63242375601926																										100.0	100.0																	44.88330341113106		5.060728744939271		89.52536824877251	93.12977099236642		0.0	70.35363457760315		30.0453002711047		72.63390096114128	4.287639890511467	87.23267839969637	89.49593721932895	65.94079877274899	64.22279589997899
Nhengatu	100.0	0.0		56.032719836400815			50.943396226415096						54.61538461538461								100.0										50.0											100.0							11.764705882352942		0.0	0.0										38.81188118811881																											100.0																	67.62402088772846		25.106382978723403		85.08771929824562	86.66666666666667		22.22222222222222	52.44554048499794		11.763787314889518	0.0	38.8064249704982	23.33243970354996	56.0342502936645	85.07498052758515	45.01406699881918	43.13015415314253
Cantonese	100.0	1.2658227848101269	66.35514018691589	77.74936061381074			68.94865525672371						76.95274831243972								97.16312056737588										100.0				56.14035087719298							99.45255474452554							0.2976190476190476		82.29376257545272	0.0			100.0							11.321548821548822																											100.0																	85.01282521069989	0.6060606060606061	1.9916142557651992		12.421052631578949	100.0		16.923076923076923	59.8556002811322	66.35503140757761	0.2978964185860737	0.0	11.32552432170343	1.9115982165244405	77.74877150098006	12.43172406109075	36.94825949805259	36.55824695058127
Chinese	97.48094133244943	1.0505252626313155	4.92639842983317	69.49664383467626			58.44549125168237					95.8974358974359	69.2094476548851								47.23247232472325										98.41713221601488				2.834879406307978							98.73753313975509				100.0			0.1226692836113837		96.7991169977925	83.33333333333333			99.91095280498664		100.0			100.0		8.229663840681324												0.1388888888888889														100.0	99.87934848180171																	55.73782790267324	61.53846153846154	3.1813764840086187		5.174680041508129	18.939393939393938		15.384615384615383	43.58587995791207	4.8780396517315445	0.1215400301132763	86.046511627907	8.230909271838668	2.6759177053973238	69.49275095398872	5.219782869467713	29.626174698753665	28.43877570234468
