name	acl	acl:adv	acl:attr	acl:cleft	acl:fixed	acl:inf	acl:relat	acl:relcl	advcl	advcl:abs	advcl:cau	advcl:cleft	advcl:cmpr	advcl:cond	advcl:coverb	advcl:eval	advcl:lcl	advcl:lto	advcl:mcl	advcl:pred	advcl:relcl	advcl:sp	advcl:svc	advcl:tcl	advmod	advmod:arg	advmod:cau	advmod:comp	advmod:deg	advmod:det	advmod:df	advmod:emph	advmod:eval	advmod:fixed	advmod:foc	advmod:freq	advmod:lfrom	advmod:lmod	advmod:lmp	advmod:locy	advmod:lto	advmod:mmod	advmod:mode	advmod:neg	advmod:obl	advmod:que	advmod:tfrom	advmod:tlocy	advmod:tmod	advmod:to	advmod:tto	amod	amod:att	amod:attlvc	amod:flat	appos	appos:trans	aux	aux:aff	aux:aspect	aux:caus	aux:clitic	aux:cnd	aux:ex	aux:imp	aux:nec	aux:neg	aux:opt	aux:part	aux:pass	aux:pot	aux:q	aux:tense	case	case:acc	case:adv	case:aff	case:det	case:gen	case:loc	case:pred	case:voc	cc	cc:nc	cc:preconj	ccomp	ccomp:cleft	ccomp:obj	ccomp:obl	ccomp:pmod	ccomp:pred	clf	compound	compound:a	compound:affix	compound:dir	compound:ext	compound:lvc	compound:nn	compound:preverb	compound:prt	compound:quant	compound:redup	compound:smixut	compound:svc	compound:vo	compound:vv	conj	conj:expl	conj:extend	conj:svc	cop	cop:expl	cop:locat	cop:own	csubj	csubj:cleft	csubj:cop	csubj:pass	dep	dep:aff	dep:agr	dep:alt	dep:ana	dep:aux	dep:comp	dep:conj	dep:cop	dep:emo	dep:infl	dep:mark	dep:mod	dep:pos	dep:redup	dep:ss	det	det:adj	det:noun	det:numgov	det:nummod	det:poss	det:predet	det:pron	det:rel	discourse	discourse:emo	discourse:filler	discourse:intj	discourse:sp	dislocated	dislocated:cleft	dislocated:csubj	dislocated:nsubj	dislocated:obj	dislocated:subj	expl	expl:comp	expl:impers	expl:pass	expl:poss	expl:pv	expl:subj	fixed	flat	flat:abs	flat:dist	flat:foreign	flat:name	flat:num	flat:range	flat:repeat	flat:sibl	flat:title	flat:vv	goeswith	iobj	iobj:agent	iobj:appl	iobj:patient	list	mark	mark:adv	mark:advmod	mark:aff	mark:prt	mark:q	mark:rel	nmod	nmod:agent	nmod:appos	nmod:arg	nmod:att	nmod:attlvc	nmod:attr	nmod:bahuv	nmod:cau	nmod:comp	nmod:flat	nmod:gen	nmod:gobj	nmod:gsubj	nmod:lfrom	nmod:lmod	nmod:npmod	nmod:obj	nmod:obl	nmod:part	nmod:poss	nmod:pred	nmod:prp	nmod:redup	nmod:relat	nmod:subj	nmod:tmod	nsubj	nsubj:advmod	nsubj:aff	nsubj:bfoc	nsubj:caus	nsubj:cleft	nsubj:cop	nsubj:ifoc	nsubj:lfoc	nsubj:lvc	nsubj:nc	nsubj:obj	nsubj:pass	nsubj:periph	nummod	nummod:det	nummod:entity	nummod:flat	nummod:gov	obj	obj:advmod	obj:advneg	obj:agent	obj:appl	obj:caus	obj:lvc	obj:obl	obj:periph	obl	obl:advmod	obl:agent	obl:appl	obl:arg	obl:cau	obl:cmp	obl:cmpr	obl:comp	obl:dat	obl:freq	obl:inst	obl:lfrom	obl:lmod	obl:lmp	obl:lto	obl:lvc	obl:mcl	obl:mod	obl:npmod	obl:orphan	obl:own	obl:patient	obl:pmod	obl:poss	obl:prep	obl:sentcon	obl:smod	obl:tmod	orphan	orphan:missing	parataxis	parataxis:appos	parataxis:conj	parataxis:coord	parataxis:deletion	parataxis:discourse	parataxis:dislocated	parataxis:hashtag	parataxis:insert	parataxis:mod	parataxis:newsent	parataxis:nsubj	parataxis:obj	parataxis:parenth	parataxis:rel	parataxis:rep	parataxis:restart	parataxis:rt	parataxis:sentence	parataxis:trans	parataxis:url	punct	reparandum	vocative	vocative:cl	vocative:mention	xcomp	xcomp:cleft	xcomp:ds	xcomp:obj	xcomp:pred	xcomp:sp	xcomp:subj	total
Afrikaans	0	0	0	0	0	0	0	0	0	0	0	0	0	0	0	0	0	0	0	0	0	0	0	0	3.49495	0	0	0	0	0	0	0	0	0	0	0	0	0	0	0	0	0	0	0	0	0	0	0	0	0	0	2.51079	0	0	0	3.73016	0	3.30528	0	0	0	0	0	0	0	0	0	0	0	1.66199	0	0	0	2.491	0	0	0	0	0	0	0	0	2.35045	0	0	7.14537	0	0	0	0	0	0	3.46296	0	0	0	0	0	0	0	3.46296	0	0	0	0	0	0	4.2322	0	0	0	2.8437	0	0	0	5.66667	0	0	0	6.63986	0	0	0	0	0	0	0	0	0	0	0	0	0	0	0	1.31776	0	0	0	0	0	0	0	0	0	0	0	0	0	0	0	0	0	0	0	0	0	0	0	0	0	0	1.5	1.48918	0	0	0	0	0	0	0	0	0	0	0	3.08475	0	0	0	0	1.30667	0	0	0	0	0	0	3.04114	0	0	0	0	0	0	0	0	0	0	0	0	0	0	0	0	0	0	0	0	0	0	0	0	0	0	5.68725	0	0	0	0	0	0	0	0	0	0	0	6.43275	0	1.25	0	0	0	0	4.02959	0	0	0	0	0	0	0	0	5.29493	0	0	0	0	0	0	0	0	0	0	0	0	0	0	0	0	0	0	0	0	0	0	0	0	0	0	0	0	0	0	0	0	0	0	0	0	0	0	0	0	0	0	0	0	0	0	0	0	0	0	0	2.78217	0	0	0	0	6.4411	0	0	0	0	0	0	3.326512820392509
Assyrian	2.33333	0	0	0	0	0	0	1.5	4.54545	0	0	0	0	0	0	0	0	0	0	0	0	0	0	0	2.04545	0	0	0	0	0	0	0	0	0	0	0	0	0	0	0	0	0	0	0	0	0	0	0	0	0	0	1.0	0	0	0	0	0	1.15789	0	0	0	0	0	0	0	0	0	0	0	1.0	0	0	0	1.2093	0	0	0	0	0	0	0	0	1.92	0	0	3.66667	0	0	0	0	0	0	1.0	0	0	0	0	0	0	0	0	0	0	0	0	0	0	4.41667	0	0	0	1.28125	0	0	0	6.0	0	0	0	0	0	0	0	0	0	0	0	0	0	0	0	0	0	0	0	1.0625	0	0	0	0	0	0	0	0	0	0	0	0	0	0	0	0	0	0	0	0	0	0	0	0	0	0	0	0	0	0	0	0	0	0	0	0	0	0	0	1.0	0	0	0	0	1.8	0	0	0	0	0	0	2.05263	0	0	0	0	0	0	0	0	0	0	0	0	0	0	0	0	0	0	0	1.0	0	0	0	0	0	0	1.80488	0	0	0	0	0	0	0	0	0	0	0	3.0	0	0	0	0	0	0	1.79167	0	0	0	0	0	0	0	0	2.625	0	0	0	0	0	0	0	0	0	0	0	0	0	0	0	0	0	0	0	0	0	0	0	0	0	0	0	0	0	0	8.5	0	0	0	0	0	0	0	0	0	0	0	0	0	0	0	0	0	0	0	0	4.72727	0	0	0	0	1.66667	0	0	0	0	0	0	2.437810199004975
SouthLevantineArabic	2.27273	0	0	0	0	0	0	0	3.52632	0	0	0	0	0	0	0	0	0	0	0	0	0	0	0	2.0	0	0	0	0	0	0	1.0	0	0	0	0	0	0	0	0	0	0	0	0	0	0	0	0	0	0	0	1.10714	0	0	0	0	0	1.08	0	0	0	0	0	0	0	0	0	0	0	0	0	0	0	1.1039	0	0	0	0	0	0	0	0	1.28571	0	0	2.0	0	0	0	0	0	0	0	0	0	0	0	0	0	0	0	0	0	0	0	0	0	2.4	0	0	0	0	0	0	0	0	0	0	0	4.5	0	0	0	0	0	0	0	0	0	0	0	0	0	0	0	1.05263	0	0	0	0	0	0	0	0	3.69231	0	0	0	0	0	0	0	0	0	0	0	0	0	0	0	0	0	0	1.16667	0	0	1.16667	0	0	0	0	0	0	0	0	2.0	0	0	0	0	1.31818	0	0	0	0	0	0	1.56757	0	0	0	0	0	0	0	0	0	0	0	0	0	0	0	0	0	0	0	1.0	0	0	0	0	0	0	1.7561	0	0	0	0	0	0	0	0	0	0	0	0	0	1.0	0	0	0	0	1.40984	0	0	0	0	0	0	0	0	2.82258	0	0	0	2.4	0	0	0	0	0	0	0	0	0	0	0	0	0	0	0	0	0	0	0	0	0	0	0	0	0	0	8.0	0	0	0	0	0	0	0	0	0	0	0	0	0	0	0	0	0	0	0	0	4.21014	0	0	0	0	1.5	0	0	0	0	0	0	2.2377050136612024
Akkadian	9.13284	0	0	0	0	0	0	9.33462	7.92982	0	0	0	0	0	0	0	0	0	0	0	0	0	0	0	2.0593	0	0	0	0	0	0	1.00518	0	0	0	0	0	0	0	0	0	0	0	0	0	0	0	0	0	0	0	2.10925	0	0	0	9.65525	0	0	0	0	0	0	0	0	0	0	0	0	0	0	0	0	0	1.00344	0	0	0	0	0	0	0	0	2.49138	0	0	10.38462	0	0	0	0	0	0	2.42857	0	0	0	0	0	0	0	0	0	0	0	0	0	0	6.31957	0	0	0	14.25	0	0	0	5.8125	0	0	0	1.37987	0	0	0	0	0	0	0	0	0	0	0	0	0	0	0	1.02167	0	0	0	0	1.0	0	0	0	7.55556	0	0	0	0	0	0	0	0	0	0	0	0	0	0	0	0	0	1.45455	1.11111	0	0	0	0	0	0	0	0	0	0	0	7.26667	0	0	0	3.85714	5.67606	0	0	0	0	0	0	1.29754	0	0	0	0	0	0	0	0	0	0	0	0	0	0	0	0	0	0	0	1.02669	0	0	0	0	0	0	6.60601	0	0	0	0	0	0	0	0	0	0	0	0	0	1.00909	0	0	0	0	4.97446	0	0	0	0	0	0	0	0	4.74806	0	0	0	0	0	0	0	0	0	0	0	0	0	0	0	0	0	0	0	0	0	0	0	0	0	0	0	0	0	0	5.66667	0	0	0	0	0	0	0	0	0	0	0	0	0	0	0	0	0	0	0	0	0	0	10.8	0	0	2.39344	0	0	0	0	0	0	3.251358543000757
Amharic	3.125	0	0	0	0	0	0	0	4.35206	0	0	0	0	0	0	0	0	0	0	0	0	0	0	0	2.30905	0	0	0	0	0	0	0	0	0	0	0	0	0	0	0	0	0	0	0	0	0	0	0	0	0	0	1.59677	0	0	0	0	0	1.95611	0	0	0	0	0	0	0	0	0	0	0	0	0	0	0	1.47368	0	0	0	0	0	0	0	0	1.57955	0	0	3.2807	0	0	0	0	0	1.0	2.2625	0	0	0	0	0	0	0	0	0	0	0	3.77143	0	0	3.72917	0	0	0	1.47525	0	0	0	2.65854	0	0	3.0	5.0	0	0	0	0	0	0	0	0	0	0	0	0	0	0	0	1.08386	0	0	0	0	0	0	0	0	2.08612	0	0	0	0	0	0	0	0	0	0	1.61813	0	0	0	0	0	0	1.0	1.0	0	0	0	0	0	0	0	0	0	0	1.07692	2.5	0	0	0	0	1.83209	0	0	0	0	0	0	1.41096	0	0	0	0	0	0	0	0	0	0	0	0	0	0	0	0	0	0	0	0	0	0	0	0	0	0	2.04052	0	0	0	0	0	0	0	0	0	0	0	2.04301	0	1.21053	0	0	0	0	2.68007	0	0	0	0	0	0	0	0	2.57091	0	0	0	0	0	0	0	0	0	0	0	0	0	0	0	0	0	0	0	0	0	0	0	0	0	0	0	0	0	0	5.0	0	0	0	0	0	0	0	0	0	0	0	0	0	0	0	0	0	0	0	0	2.84432	0	0	0	0	2.65441	0	0	0	0	0	0	2.120351301709873
Apurinã	1.13333	0	0	0	0	0	0	1.0	2.28571	0	0	0	0	0	0	0	0	0	0	0	0	0	0	2.5	1.52941	0	0	0	0	0	0	0	0	0	0	0	0	1.5	0	0	0	0	0	1.0	0	0	0	0	2.23077	0	0	0	0	0	0	0	0	1.0	0	0	0	0	0	0	0	0	0	0	0	0	0	0	0	1.33333	0	0	0	0	0	0	0	0	2.5	0	0	0	0	0	0	0	0	0	0	0	0	0	0	0	0	0	0	0	0	0	0	0	0	4.45455	0	0	0	1.0	0	0	0	1.5	0	0	0	1.5	0	0	0	0	0	0	0	0	0	0	0	0	0	0	0	1.11111	0	0	0	0	0	0	0	0	0	0	0	0	0	3.0	0	0	0	0	0	0	0	0	0	0	0	0	0	0	0	0	0	0	0	0	0	0	0	0	0	0	0	0	0	0	2.0	0	0	0	0	0	0	1.17391	0	0	0	0	0	0	0	0	0	0	0	0	0	0	0	0	0	0	0	1.25	0	0	0	0	0	0	1.42857	0	0	0	0	0	1.66667	0	0	0	0	0	0	0	1.11111	0	0	0	0	1.28986	0	0	1.0	0	0	0	0	0	2.06977	0	0	0	0	0	0	0	0	0	0	0	0	1.69565	0	0	0	0	0	0	0	0	0	0	0	0	0	0	1.8	0	0	0	0	0	0	0	0	0	0	0	0	0	0	0	0	0	0	0	0	0	0	0	3.60448	0	0	0	0	4.0	0	0	0	0	0	0	2.214400896
Akuntsu	0	0	0	0	0	0	0	0	0	0	0	0	0	0	0	0	0	0	0	0	0	0	0	0	1.1875	0	0	0	0	0	0	0	0	0	0	0	0	0	0	0	0	0	0	0	0	0	0	0	0	0	0	1.0	0	0	0	1.83333	0	1.0	0	0	0	0	0	0	0	0	0	0	0	0	0	0	0	1.0	0	0	0	0	0	0	0	0	0	0	0	1.0	0	0	0	0	0	0	0	0	0	0	0	0	0	0	0	0	0	0	0	0	0	2.33333	0	0	0	0	0	0	0	0	0	0	0	1.14286	0	0	0	0	0	0	0	0	0	0	0	0	0	0	0	0	0	0	0	0	0	0	0	0	1.875	0	0	0	0	1.0	0	0	0	0	0	0	0	0	0	0	0	0	0	0	0	0	0	0	0	0	0	0	0	0	0	2.0	0	0	0	0	0	0	0	0	0	0	0	1.16364	0	0	0	0	0	0	0	0	0	0	0	0	0	0	0	0	0	0	0	0	0	0	0	0	0	0	1.65574	0	0	0	0	0	0	0	0	0	0	0	0	0	1.0	0	0	0	0	1.21622	0	0	0	0	0	0	0	0	1.45833	0	0	0	0	0	0	0	0	0	0	0	0	0	0	0	0	0	0	0	0	0	0	0	0	0	0	0	0	0	0	3.27778	0	0	0	0	0	0	0	0	0	0	0	0	0	0	0	0	0	0	0	0	1.36111	0	0	0	0	0	0	0	0	0	0	0	1.50162990228013
Arabic	3.47	0	0	0	0	0	0	3.65186	11.94033	0	0	0	0	0	0	0	0	0	0	0	0	0	0	0	3.36934	0	0	0	0	0	0	2.95275	0	0	0	0	0	0	0	0	0	0	0	0	0	0	0	0	0	0	0	1.67891	0	0	0	3.42473	0	1.29628	0	0	0	0	0	0	0	0	0	0	0	1.0	0	0	0	1.12676	0	0	0	0	0	0	0	0	2.90069	0	2.0	9.54924	0	0	0	0	0	0	1.55344	0	0	0	0	0	0	0	2.68063	0	0	0	0	0	0	8.42794	0	0	0	3.41839	0	0	0	5.10518	0	0	5.875	9.37458	0	0	0	0	0	0	0	0	0	0	0	0	0	0	0	1.27975	0	0	0	0	0	0	0	0	5.85965	0	0	0	0	5.91346	0	0	0	0	0	1.875	0	0	0	0	0	0	1.14871	1.25475	0	0	1.19597	0	0	0	0	0	0	0	1.5	7.89375	0	0	0	0	2.61469	0	0	0	0	0	0	2.2652	0	0	0	0	0	0	0	0	0	0	0	0	0	0	0	0	0	0	0	1.06453	0	0	0	0	0	0	2.23787	0	0	0	0	0	0	0	0	0	0	0	2.18122	0	2.15177	0	0	0	0	3.5709	0	0	0	0	0	0	0	0	4.804	0	0	0	3.62183	0	0	0	0	0	0	0	0	0	0	0	0	0	0	0	0	0	0	0	0	0	0	0	3.54545	24.05702	0	9.87728	0	0	0	0	0	0	0	0	0	0	0	0	0	0	0	0	0	0	0	0	15.2285	0	7.0	0	0	5.56575	0	0	0	0	0	0	3.911314645522835
Belarusian	4.79259	0	0	0	0	0	0	5.06789	6.86826	0	0	0	0	0	0	0	0	0	0	0	0	0	0	0	1.82811	0	0	0	0	0	0	0	0	0	0	0	0	0	0	0	0	0	0	0	0	0	0	0	0	0	0	1.20202	0	0	0	2.44952	0	1.25408	0	0	0	0	0	0	0	0	0	0	0	1.11628	0	0	0	1.39163	0	0	0	0	0	0	0	0	2.11406	0	0	5.86975	0	0	0	0	0	0	1.15571	0	0	0	0	0	0	0	0	0	0	0	0	0	0	6.13765	0	0	0	1.77358	0	0	0	2.55286	0	0	1.0	1.8586	0	0	0	0	0	0	0	0	0	0	0	0	0	0	0	1.26801	0	0	0	0	0	0	0	0	5.4	0	0	0	0	5.30769	0	0	0	0	0	2.05797	0	0	0	0	0	0	1.19048	1.18166	0	0	1.72407	1.04988	0	0	0	0	0	0	5.92308	1.90363	0	0	0	3.56697	3.29367	0	0	0	0	0	0	2.05778	0	0	0	0	0	0	0	0	0	0	0	0	0	0	0	0	0	0	0	0	0	0	0	0	0	0	2.51869	0	0	0	0	0	0	0	0	0	0	0	3.18437	0	1.27911	0	0	0	1.23211	1.90959	0	0	0	0	0	0	0	0	3.34716	0	2.15278	0	0	0	0	0	0	0	0	0	0	0	0	0	0	0	0	0	0	0	0	0	0	0	0	0	0	3.41732	0	5.99795	0	0	0	0	0	0	0	0	0	0	0	0	0	0	0	0	0	0	0	0	4.67037	1.2	3.64881	0	0	1.77597	0	0	0	0	0	0	2.8832472943850203
Beja	5.78261	0	0	0	4.33333	0	0	6.35294	7.4	0	0	0	0	0	0	0	0	0	0	0	0	0	0	0	2.8	0	0	0	0	0	0	0	0	1.0	0	0	0	0	0	0	0	0	0	0	0	0	0	0	0	0	0	1.0	0	0	0	5.0	0	2.07692	1.30435	0	0	0	0	0	0	0	0	0	0	0	0	0	0	1.3125	0	0	1.07692	0	0	0	0	0	1.68	0	0	5.2	0	0	0	0	0	0	1.0	0	0	0	0	0	0	0	0	0	0	0	0	0	0	0	0	0	0	3.44444	0	0	0	1.0	0	0	0	4.925	1.85714	0	0	0	0	2.625	8.6875	0	0	0	0	0	0	2.5	0	1.30328	0	0	0	0	0	0	0	0	5.56522	0	0	0	0	5.33333	0	0	0	0	5.0	0	0	0	0	0	0	0	0	0	0	0	0	0	0	0	0	0	0	0	0	1.66667	0	0	0	0	1.58947	0	0	1.06667	0	0	0	2.03333	0	0	0	0	0	0	0	0	0	0	0	0	0	0	0	0	0	0	0	1.25	0	0	0	0	0	0	1.85567	0	1.21154	0	0	0	0	0	0	0	0	0	0	0	1.0	1.0	0	0	0	2.5	0	0	0	0	0	0	0	0	5.09524	0	0	0	4.90909	0	0	0	0	0	0	0	0	0	0	0	0	0	5.3	0	0	0	0	0	0	0	0	0	0	0	0	5.375	0	0	3.5	0	0	0	0	0	4.0	0	0	0	0	0	0	0	0	0	0	0	2.61404	3.0	5.5	0	0	0	0	0	0	0	0	0	2.568841224637681
Bulgarian	5.19164	0	0	0	0	0	0	5.3786	7.35958	0	0	0	0	0	0	0	0	0	0	0	0	0	0	0	2.03891	0	0	0	0	0	0	0	0	0	0	0	0	0	0	0	0	0	0	0	0	0	0	0	0	0	0	1.3008	0	0	0	4.02941	0	1.37992	0	0	0	0	0	0	0	0	0	0	0	1.0914	0	0	0	1.46443	0	0	0	0	0	0	0	0	2.24029	0	0	4.68539	0	0	0	0	0	0	1.5	0	0	0	0	0	0	0	0	0	0	0	0	0	0	5.99569	0	0	0	1.73867	0	0	0	5.94013	0	0	6.67778	0	0	0	0	0	0	0	0	0	0	0	0	0	0	0	0	1.184	0	0	0	0	0	0	0	0	2.58177	0	0	0	0	0	0	0	0	0	0	1.05199	0	0	0	0	0	0	1.15989	1.059	0	0	0	0	0	0	0	0	0	0	1.33333	2.62728	0	0	0	0	3.51169	0	0	0	0	0	0	2.7661	0	0	0	0	0	0	0	0	0	0	0	0	0	0	0	0	0	0	0	0	0	0	0	0	0	0	2.94705	0	0	0	0	0	0	0	0	0	0	0	3.24111	0	1.18056	0	0	0	0	1.71835	0	0	0	0	0	0	0	0	3.99583	0	0	0	0	0	0	0	0	0	0	0	0	0	0	0	0	0	0	0	0	0	0	0	0	0	0	0	0	0	0	10.74545	0	0	0	0	0	0	0	0	0	0	0	0	0	0	0	0	0	0	0	0	5.79128	0	4.03448	0	0	2.59345	0	0	0	0	0	0	2.959863951030356
Bhojpuri	6.69231	0	0	0	0	0	0	0	7.27381	0	0	0	0	0	0	0	0	0	0	0	0	0	0	0	3.27586	0	0	0	0	0	0	0	0	0	0	0	0	0	0	0	0	0	0	0	0	0	0	0	0	0	0	1.77833	0	0	0	2.0	0	1.375	0	0	0	0	0	0	0	0	0	0	0	1.81818	0	0	0	1.10817	0	0	0	0	0	0	0	0	3.96296	0	0	11.98246	0	0	0	0	0	1.66667	2.35931	0	0	0	0	0	0	0	0	0	0	0	0	0	0	9.28571	0	0	0	1.0	0	0	0	7.9	0	0	0	2.15	0	0	0	0	0	0	0	0	0	0	0	0	0	0	0	1.5977	0	0	0	0	0	0	0	0	10.25	0	0	0	0	0	0	0	0	0	0	0	0	0	0	0	0	0	1.2	1.0	0	0	0	0	0	0	0	0	0	0	1.0	5.64706	0	0	0	1.4	8.55738	0	0	0	0	0	0	4.15714	0	0	0	0	0	0	0	0	0	0	0	0	0	0	0	0	0	0	0	0	0	0	0	0	0	0	6.48571	0	0	0	0	0	0	0	0	0	0	0	0	0	1.73585	0	0	0	0	4.61667	0	0	0	0	0	0	0	0	6.88473	0	0	0	0	0	0	0	0	0	0	0	0	0	0	0	0	0	0	0	0	0	0	0	0	0	0	0	0	0	0	0	0	0	0	0	0	0	0	0	0	0	0	0	0	0	0	0	0	0	0	0	3.27482	0	0	0	0	12.95455	0	0	0	0	0	0	3.527774250672574
Bambara	7.11594	0	0	0	0	0	0	0	7.40244	0	0	0	0	0	0	0	0	0	0	0	0	0	0	0	1.78261	0	0	0	0	0	0	0	0	0	0	0	0	0	0	0	0	0	0	0	0	0	0	0	0	0	0	1.06849	0	0	0	1.04762	0	1.90759	0	0	0	0	0	0	0	0	0	0	0	0	0	0	0	1.1767	0	0	0	0	0	0	0	0	1.63636	0	0	6.59494	0	0	0	0	0	0	1.6	0	0	0	0	0	0	0	0	0	1.56757	0	0	0	0	2.57812	0	0	0	0	0	0	0	3.0	0	0	0	1.88889	0	0	0	0	0	0	0	0	0	0	0	0	0	0	0	1.14004	0	0	0	0	0	0	0	1.03333	3.04247	0	0	0	0	5.3125	0	0	0	0	0	0	0	0	0	0	0	0	1.36667	1.0	0	0	0	0	0	0	0	0	0	0	0	0	0	0	0	0	3.24444	0	0	0	0	0	0	1.3845	0	0	0	0	0	0	0	0	0	0	0	0	0	0	0	0	0	0	0	1.38258	0	0	0	0	0	0	2.23504	0	0	0	0	0	0	0	0	0	0	0	0	0	1.04762	0	0	0	0	1.17754	0	0	0	0	0	0	0	0	1.82962	0	0	0	0	0	0	0	0	0	0	0	0	0	0	0	0	0	0	0	0	0	0	0	0	0	0	0	0	1.53333	0	6.18519	0	0	0	0	0	0	0	0	0	0	0	5.47059	0	0	0	0	0	0	0	0	6.14887	6.2	4.86364	0	0	3.14754	0	0	0	0	0	0	2.9255571708865316
Breton	2.51562	0	0	0	0	0	0	3.0	5.49669	0	0	0	0	0	0	0	0	0	0	0	0	0	0	0	2.12897	0	0	0	0	0	0	0	0	0	0	0	0	0	0	0	0	0	0	0	0	0	0	0	0	0	0	1.11684	0	0	0	2.82051	0	1.61421	0	0	0	0	0	0	0	0	0	0	0	1.32168	0	0	0	1.56571	0	0	0	0	0	0	0	0	1.95631	0	0	5.35714	0	0	0	0	0	0	1.78947	0	0	0	0	0	0	0	0	0	0	0	0	0	0	5.18143	0	0	0	1.89091	0	0	0	3.66667	0	0	0	2.23718	0	0	0	0	0	0	0	0	0	0	0	0	0	0	0	1.05224	0	0	0	0	0	0	0	0	5.0	0	0	0	0	10.66667	0	0	0	0	0	4.0	0	0	0	0	0	0	1.03175	1.44	0	0	0	1.44	0	0	0	0	0	0	0	0	0	0	0	1.5	1.36025	0	0	0	0	0	0	2.17081	0	0	0	0	0	0	0	0	0	0	1.64286	0	0	0	0	0	0	0	0	1.75	0	0	0	0	0	0	3.36909	0	0	0	0	0	3.0	0	0	0	0	0	0	0	1.06186	0	0	0	0	2.3715	0	0	0	0	0	0	0	0	4.78216	0	5.34848	0	0	0	0	0	0	0	0	0	0	0	0	0	0	0	0	0	0	0	0	0	0	0	0	0	0	2.0	0	7.7027	0	0	0	0	0	0	0	0	0	0	0	0	0	0	0	0	0	0	0	0	6.24198	0	3.0	0	0	2.32759	0	0	0	0	0	0	2.726288039656582
Buryat	2.14035	0	0	0	0	0	0	0	6.26241	0	0	0	0	0	0	0	0	0	0	0	0	0	0	0	2.75684	0	0	0	0	0	0	0	0	0	0	0	0	0	0	0	0	0	0	1.3	0	0	0	0	0	0	0	1.32857	0	0	0	2.56452	0	1.08187	0	0	0	0	0	0	0	0	0	0	0	1.0	0	0	0	1.14189	0	0	0	0	0	0	0	0	3.18987	0	0	3.77273	0	0	0	0	0	0	1.40517	0	0	0	0	0	0	0	0	0	0	0	0	0	0	4.26165	0	0	0	1.37179	0	0	0	1.875	0	0	0	0	0	0	0	0	0	0	0	0	0	0	0	0	0	0	0	1.30568	0	0	0	0	0	0	0	0	1.63131	0	0	0	0	0	0	0	0	0	0	0	0	0	0	0	0	0	1.14286	1.05376	0	0	1.5	0	0	0	0	0	0	0	0	2.81579	0	0	0	2.0	3.22222	0	0	0	0	0	0	2.40957	0	0	0	0	0	0	0	0	0	0	0	0	0	0	0	0	0	0	0	0	0	0	0	0	0	0	3.85095	0	0	0	0	0	0	0	0	0	0	0	3.25	0	1.22527	0	0	0	0	1.71525	0	0	0	0	0	0	0	0	2.75	0	0	0	0	0	0	0	0	0	0	0	0	0	0	0	0	0	0	0	0	0	0	0	0	0	0	0	0	6.71429	0	6.16667	0	0	0	0	0	0	0	0	0	0	0	0	0	0	0	0	0	0	0	0	2.79275	0	7.0	0	0	1.46584	0	0	0	0	0	0	2.5145186040008602
Catalan	5.62306	0	0	0	0	0	0	0	10.59384	0	0	0	0	0	0	0	0	0	0	0	0	0	0	0	2.9617	0	0	0	0	0	0	3.0	0	0	0	0	0	0	0	0	0	0	0	0	0	0	0	0	0	0	0	1.37172	0	0	0	5.46157	0	1.39782	0	0	0	0	0	0	0	0	0	0	0	0	0	0	0	1.78425	0	0	0	0	0	0	0	0	2.4046	0	0	8.0514	0	0	0	0	0	0	1.96956	0	0	0	0	0	0	0	0	0	0	0	0	0	0	8.4819	0	0	0	1.9604	0	0	0	5.03941	0	0	27.0	5.69231	0	0	0	0	0	0	0	0	0	0	0	0	0	0	0	1.17483	0	0	0	0	0	0	0	0	3.0	0	0	0	0	0	0	0	0	0	0	1.56673	0	0	1.57227	0	0	0	1.44476	2.31368	0	0	0	0	0	0	0	0	0	0	0	2.68945	0	0	0	0	3.5323	0	0	0	0	0	0	3.56666	0	0	0	0	0	0	0	0	0	0	0	0	0	0	0	0	0	0	0	0	0	0	0	0	0	0	4.42521	0	0	0	0	0	0	0	0	0	0	0	4.44	0	1.23464	0	0	0	0	2.6304	0	0	0	0	0	0	0	0	5.89264	0	0	0	0	0	0	0	0	0	0	0	0	0	0	0	0	0	0	0	0	0	0	0	0	0	0	0	0	7.92857	0	9.40418	0	0	0	0	0	0	0	0	0	0	0	0	0	0	0	0	0	0	0	0	9.93074	0	0	0	0	4.06884	0	0	0	0	0	0	3.6262247214703107
Chukot	1.83871	0	1.93333	0	0	0	1.0	0	2.93443	0	0	0	0	0	0	0	0	0	0	0	0	0	0	0	1.72594	0	0	0	0	0	0	1.13244	0	0	0	0	0	0	0	0	0	0	0	0	0	0	0	0	0	0	0	1.55263	0	0	0	2.15686	0	1.85106	0	0	0	0	0	0	0	0	1.85714	0	0	0	0	0	0	1.08696	0	0	0	0	0	0	0	0	2.08943	0	0	3.33333	0	0	0	0	0	0	0	0	0	0	0	0	0	0	0	0	0	0	0	0	0	2.36471	0	0	0	1.16	0	0	0	0	0	0	0	2.58065	0	0	0	0	0	0	0	0	0	0	0	0	0	0	0	1.53846	0	0	0	0	0	0	0	0	2.82667	0	0	0	0	5.5	0	0	0	0	0	0	0	0	0	0	0	0	0	1.55556	0	0	1.63158	1.25	0	0	0	0	0	0	0	0	0	0	0	0	1.66667	0	0	0	0	0	0	1.50769	0	0	0	0	0	2.18182	0	0	0	0	0	0	0	0	0	0	0	0	0	1.33333	0	0	0	1.91667	0	0	2.07335	0	0	0	0	0	0	0	0	0	0	0	0	0	1.28571	0	0	0	0	1.77934	0	0	0	0	0	0	0	0	1.81271	0	0	0	0	0	0	0	0	0	0	0	0	0	0	0	0	0	0	0	0	0	0	0	0	0	0	0	0	2.72727	0	3.13636	0	0	0	0	0	0	0	0	0	0	0	0	0	0	2.72	0	0	0	0	0	2.86255	1.48475	2.36111	0	0	1.4	0	0	0	0	0	0	2.0520979976697737
Coptic	3.86471	0	0	0	0	0	0	0	8.64724	0	0	0	0	0	0	0	0	0	0	0	0	0	0	0	2.60644	0	0	0	0	0	0	0	0	0	0	0	0	0	0	0	0	0	0	0	0	0	0	0	0	0	0	1.125	0	0	0	4.0	0	2.1055	0	0	0	0	0	0	0	0	0	0	0	0	0	0	0	1.53076	0	0	0	0	0	0	0	0	3.66074	0	0	8.30971	0	0	0	0	0	0	1.61538	0	0	0	0	0	0	0	0	0	0	0	0	0	0	9.0096	0	0	0	2.05072	0	0	0	5.40179	0	0	0	5.72727	0	0	0	0	0	0	0	0	0	0	0	0	0	0	0	1.02483	0	0	0	0	0	0	0	0	4.7931	0	0	0	0	5.77733	0	0	0	0	0	0	0	0	0	0	0	0	1.04924	1.0	0	0	0	0	0	0	0	0	0	0	0	1.14925	0	0	0	0	2.57345	0	0	0	0	0	0	2.87607	0	0	0	0	0	0	0	0	0	0	0	0	0	0	0	0	0	0	0	0	0	0	0	0	0	0	1.34553	0	0	0	0	0	0	0	0	0	0	0	0	0	1.82692	0	0	0	0	1.98592	0	0	0	0	0	0	0	0	4.12676	0	0	0	0	0	0	0	0	0	0	0	0	0	0	0	0	0	0	2.80247	0	0	0	0	0	0	0	0	0	2.19048	0	10.02867	0	0	0	0	0	0	0	0	0	0	0	0	0	0	0	0	0	0	0	0	12.72645	5.28571	5.90698	0	0	3.664	0	0	0	0	0	0	3.4919079092655845
Czech	5.61577	0	0	0	0	0	0	5.74461	8.07669	0	0	0	0	0	0	0	0	0	0	0	0	0	0	0	1.96925	0	0	0	0	0	0	1.82716	0	0	0	0	0	0	0	0	0	0	0	0	0	0	0	0	0	0	0	1.31113	0	0	0	4.82846	0	2.27159	0	0	0	0	0	0	0	0	0	0	0	2.1466	0	0	0	1.52199	0	0	0	0	0	0	0	0	2.34775	0	0	7.37515	0	0	0	0	0	0	1.9848	0	0	0	0	0	0	0	0	0	0	0	0	0	0	6.62062	0	0	0	2.28983	0	0	0	4.57387	0	0	6.60965	4.51984	0	0	0	0	0	0	0	0	0	0	0	0	0	0	0	1.36061	0	0	1.54047	1.38678	0	0	0	0	2.85088	0	0	0	0	0	0	0	0	0	0	2.18518	0	0	2.07985	0	2.21415	0	1.16304	1.99604	0	0	1.77661	0	0	0	0	0	0	0	0	2.31608	0	0	0	0	3.77366	0	0	0	0	0	0	2.13203	0	0	0	0	0	0	0	0	0	0	0	0	0	0	0	0	0	0	0	0	0	0	0	0	0	0	3.34133	0	0	0	0	0	0	0	0	0	0	0	3.59711	0	1.47284	0	0	0	1.31366	2.54106	0	0	0	0	0	0	0	0	3.37115	0	2.19048	0	2.85313	0	0	0	0	0	0	0	0	0	0	0	0	0	0	0	0	0	0	0	0	0	0	0	0	7.54298	0	9.24865	0	0	0	0	0	0	0	0	0	0	0	0	0	0	0	0	0	0	0	0	7.08143	0	4.2823	0	0	2.51412	0	0	0	0	0	0	3.3405546157079
OldChurchSlavonic	3.25237	0	0	0	0	0	0	0	4.16689	0	0	0	0	0	0	0	0	0	0	0	0	0	0	0	1.75748	0	0	0	0	0	0	0	0	0	0	0	0	0	0	0	0	0	0	0	0	0	0	0	0	0	0	1.12006	0	0	0	2.54442	0	1.47475	0	0	0	0	0	0	0	0	0	0	0	2.0	0	0	0	1.09261	0	0	0	0	0	0	0	0	3.81007	0	0	4.10719	0	0	0	0	0	0	0	0	0	0	0	0	0	0	0	0	0	0	0	0	0	5.91571	0	0	0	1.5798	0	0	0	4.5	0	0	4.5	1.5514	0	0	0	0	0	0	0	0	0	0	0	0	0	0	0	1.16165	0	0	0	0	0	0	0	0	2.6855	0	0	0	0	6.07299	0	0	0	0	0	1.06322	0	0	0	0	0	0	1.00568	1.77419	0	0	0	1.77419	0	0	0	0	0	0	0	1.3665	0	0	0	0	2.45204	0	0	0	0	0	0	1.33363	0	0	0	0	0	0	0	0	0	0	0	0	0	0	0	0	0	0	0	0	0	0	0	0	0	0	2.34969	0	0	0	0	0	0	0	0	0	0	0	2.69167	0	1.51724	0	0	0	0	1.48964	0	0	0	0	0	0	0	0	2.6798	0	2.12	0	0	0	0	0	0	0	0	0	0	0	0	0	0	0	0	0	0	0	0	0	0	0	0	0	0	2.53731	0	5.01389	0	0	0	0	0	0	0	0	0	0	0	0	0	0	0	0	0	0	0	0	0	0	2.81126	0	0	2.1278	0	0	0	0	0	0	2.479947486203949
Welsh	3.48855	0	0	0	0	0	0	2.73621	6.35063	0	0	0	0	0	0	0	0	0	0	0	0	0	0	0	1.98859	0	0	0	0	0	0	0	0	0	0	0	0	0	0	0	0	0	0	0	0	0	0	0	0	0	0	1.1463	0	0	0	4.38798	0	1.1288	0	0	0	0	0	0	0	0	0	0	0	0	0	0	0	1.32397	0	0	0	0	0	0	1.06608	0	1.67639	0	0	3.37949	0	0	0	0	0	0	1.01724	0	0	0	0	0	0	0	0	0	1.0	0	0	0	0	6.60989	0	0	0	3.11674	0	0	0	7.7931	0	0	0	0	0	0	0	0	0	0	0	0	0	0	0	0	0	0	0	1.06186	0	0	0	0	0	0	0	0	4.6	0	0	0	0	0	0	0	0	0	0	1.25	0	0	0	0	0	0	1.08654	1.14824	0	0	0	1.22	0	0	0	0	0	0	0	4.0	0	0	0	0	1.45467	0	0	0	0	0	0	2.01588	4.11111	0	0	0	0	0	0	0	0	0	0	0	0	0	0	0	0	0	0	1.0396	0	0	1.17647	0	0	0	2.00569	0	0	0	0	0	0	0	0	0	0	0	0	0	1.03797	0	0	0	0	1.46212	0	0	0	0	0	0	0	0	4.0756	0	4.07407	0	0	0	0	0	0	0	0	0	0	0	0	0	0	0	0	0	0	0	0	0	0	0	0	0	0	0	0	12.50847	0	0	0	0	0	0	0	0	0	0	0	0	0	0	0	0	0	0	0	0	7.78369	0	6.0	0	0	3.64085	0	0	0	0	0	0	2.7480589166465204
Danish	5.87555	0	0	0	0	0	0	5.87555	5.66396	0	0	0	0	0	0	0	0	0	0	0	0	0	0	0	2.6878	0	0	0	0	0	0	0	0	0	0	0	0	1.97321	0	0	0	0	0	0	0	0	0	0	0	0	0	1.76979	0	0	0	2.60615	0	2.51521	0	0	0	0	0	0	0	0	0	0	0	0	0	0	0	1.76627	0	0	0	0	0	0	0	0	2.85642	0	0	10.52261	0	0	0	0	0	0	3.08608	0	0	0	0	0	0	0	3.08608	0	0	0	0	0	0	6.12115	0	0	0	2.19034	0	0	0	0	0	0	0	4.89024	0	0	0	0	0	0	0	0	0	0	0	0	0	0	0	1.75073	0	0	0	0	0	0	0	0	5.75	0	0	0	0	0	0	0	0	0	0	1.70068	0	0	0	0	0	0	1.14199	1.29745	0	0	0	0	0	0	0	0	0	0	1.25	1.63226	0	0	0	4.27136	3.1691	0	0	0	0	0	0	2.77027	0	0	0	0	0	0	0	0	0	0	0	0	0	0	0	0	0	0	0	1.45728	0	0	0	0	0	0	2.80715	0	0	0	0	0	0	0	0	0	0	0	0	0	2.00159	0	0	0	0	2.38276	0	0	0	0	0	0	0	0	3.86059	0	0	0	0	0	0	0	0	0	0	0	0	2.58	0	0	0	0	0	0	0	0	0	0	0	0	0	0	2.62121	0	0	6.0	0	0	0	0	0	0	0	0	0	0	0	0	0	0	0	0	0	0	0	0	7.34314	5.0	3.5	0	0	4.92308	0	0	0	0	0	0	3.5194242223095844
German	10.34496	0	0	0	0	0	0	9.50903	9.77515	0	0	0	0	0	0	0	0	0	0	0	0	0	0	0	3.11908	0	0	0	0	0	0	0	0	0	0	0	0	0	0	0	0	0	0	0	0	0	0	0	0	0	0	1.11758	0	0	0	2.58401	0	5.56886	0	0	0	0	0	0	0	0	0	0	0	3.96067	0	0	0	1.75759	0	0	0	0	0	0	0	0	2.7612	0	2.45455	11.34175	0	0	0	0	0	0	6.44888	0	0	0	0	0	0	0	6.80108	0	0	0	0	0	0	5.85832	0	0	0	3.55008	0	0	0	9.92718	0	0	10.26646	4.08739	0	0	0	0	0	0	0	0	0	0	0	0	0	0	0	1.4025	0	0	0	0	1.34712	0	0	0	2.70968	0	0	0	0	0	0	0	0	0	0	4.26356	0	0	0	0	4.75637	0	1.13615	1.52923	0	0	0	1.25261	0	0	0	0	0	0	1.5	5.06984	0	0	0	0	5.50648	0	0	0	0	0	0	2.77722	0	0	0	0	0	0	0	0	0	0	0	0	0	0	0	0	0	0	0	1.47126	0	0	0	0	0	0	5.09729	0	0	0	0	0	0	0	0	0	0	0	6.65961	0	1.08284	0	0	0	0	4.22317	0	0	0	0	0	0	0	0	5.05253	0	2.66667	0	5.8	0	0	0	0	0	0	0	0	0	0	0	0	0	0	0	0	0	0	0	0	0	0	0	3.475	3.88764	0	10.1343	0	0	0	0	0	0	0	0	0	0	0	0	0	0	0	0	0	0	0	0	7.23957	1.0	6.33333	0	0	7.11153	0	0	0	0	0	0	3.8196607196928754
Greek	4.59248	0	0	0	0	0	0	4.65625	10.30941	0	0	0	0	0	0	0	0	0	0	0	0	0	0	0	2.69383	0	0	0	0	0	0	0	0	0	0	0	0	0	0	0	0	0	0	0	0	0	0	0	0	0	0	1.26348	0	0	0	5.76136	0	1.39298	0	0	0	0	0	0	0	0	0	0	0	0	0	0	0	2.09659	0	0	0	0	0	0	0	0	2.54985	0	0	6.51491	0	0	0	0	0	0	1.63636	0	0	0	0	0	0	0	0	0	0	0	0	0	0	7.79466	0	0	0	2.12521	0	0	0	5.06604	0	0	6.08696	1.0	0	0	0	0	0	0	0	0	0	0	0	0	0	0	0	1.31116	0	0	0	0	0	0	0	0	5.14286	0	0	0	0	0	0	0	0	0	0	1.11111	0	0	0	0	0	0	1.05495	1.34187	0	0	0	0	0	0	0	0	0	0	0	1.1	0	0	0	0	4.78399	0	0	0	0	0	0	2.43749	0	0	0	0	0	0	0	0	0	0	0	0	0	0	0	0	0	0	0	0	0	0	0	0	0	0	3.49916	0	0	0	0	0	0	0	0	0	0	0	3.14962	0	1.24675	0	0	0	0	2.51008	0	0	0	0	0	0	0	0	4.64714	0	4.10476	0	10.0	0	0	0	0	0	0	0	0	0	0	0	0	0	0	0	0	0	0	0	0	0	0	0	0	3.21951	0	9.29204	0	0	0	0	0	0	0	0	0	0	0	0	0	0	0	0	0	0	0	0	9.55436	0	6.47297	0	0	2.60033	0	0	0	0	0	0	3.472917065587328
English	3.55014	0	0	0	0	0	0	4.20412	7.33129	0	0	0	0	0	0	0	0	0	0	0	0	0	0	0	2.14057	0	0	0	0	0	0	0	0	0	0	0	0	0	0	0	0	0	0	0	0	0	0	0	0	0	0	1.33295	0	0	0	3.94773	0	1.58742	0	0	0	0	0	0	0	0	0	0	0	1.21943	0	0	0	1.98197	0	0	0	0	0	0	0	0	2.64698	0	2.04622	5.61072	0	0	0	0	0	0	1.28249	0	0	0	0	0	0	0	1.27806	0	0	0	0	0	0	7.05956	0	0	0	2.15154	0	0	0	5.33866	0	0	6.46032	8.47332	0	0	0	0	0	0	0	0	0	0	0	0	0	0	0	1.56832	0	0	0	0	0	2.31937	0	0	4.11208	0	0	0	0	5.98851	0	0	0	0	0	1.66374	0	0	0	0	0	0	1.09675	1.27136	0	0	2.30476	0	0	0	0	0	0	0	2.08673	1.18581	0	0	0	7.52331	2.50867	0	0	0	0	0	0	2.71643	0	0	0	0	0	0	0	0	0	0	0	0	0	0	0	2.77256	0	0	0	1.54498	0	0	0	0	0	2.74129	2.59418	0	0	0	0	0	0	0	0	0	0	0	3.82829	0	1.58897	0	0	0	0	2.16169	0	0	0	0	0	0	0	0	4.52306	0	0	0	0	0	0	0	0	0	0	0	0	0	0	0	0	0	0	2.36542	0	0	0	0	0	0	0	0	4.07653	2.65217	0	10.45189	0	0	0	0	0	0	0	0	0	0	0	0	0	0	0	0	0	0	0	0	7.75121	3.30625	4.91646	0	0	2.44817	0	0	0	0	0	0	3.3181266895059123
Spanish	5.19509	0	0	0	0	0	0	5.58745	8.87171	0	0	0	0	0	0	0	0	0	0	0	0	0	0	0	2.3577	0	0	0	0	0	0	0	0	0	0	0	0	0	0	0	0	0	0	0	0	0	0	0	0	0	0	1.33155	0	0	0	3.56241	0	1.32748	0	0	0	0	0	0	0	0	0	0	0	1.14052	0	0	0	1.72158	0	0	0	0	0	0	0	0	2.39281	0	2.16667	8.73477	0	0	0	0	0	0	1.73542	0	0	0	0	0	0	0	1.30503	0	0	0	0	0	0	7.95052	0	0	0	1.86836	0	0	0	5.50205	0	0	4.25	3.33718	0	0	0	0	0	0	0	0	0	0	0	0	0	0	0	1.14791	0	0	0	0	0	0	0	0	7.47706	0	0	0	0	0	0	0	0	0	0	1.21041	0	1.30337	1.26927	0	1.1593	0	1.33019	1.6931	0	0	0	1.1381	0	0	0	0	0	0	1.21739	1.66476	0	0	0	3.3125	3.18992	0	0	0	0	0	0	3.27284	0	0	0	0	0	0	0	0	0	0	0	0	0	0	0	0	0	0	0	0	0	0	0	0	0	0	4.0605	0	0	0	0	0	0	0	0	0	0	0	4.56183	0	1.21992	0	0	0	0	2.562	0	0	0	0	0	0	0	0	5.05084	0	0	0	0	0	0	0	0	0	0	0	0	0	0	0	0	0	0	0	0	0	0	0	0	0	0	0	4.66176	4.2619	0	13.17737	0	0	0	0	0	0	0	0	0	0	0	0	0	0	0	0	0	0	0	0	9.17259	0	8.5	0	0	2.9195	0	0	0	0	0	0	3.5424726441057195
CentralSiberianYupik	1.11765	0	0	0	0	0	0	0	4.72603	0	0	0	0	0	0	0	0	0	0	0	0	0	0	0	2.27632	0	0	0	0	0	0	0	0	0	0	0	0	0	0	0	0	0	0	0	0	0	0	0	0	0	0	0	0	0	0	2.85714	0	0	0	0	0	0	0	0	0	0	0	0	0	0	0	0	0	0	0	0	0	0	0	0	0	0	2.0	0	0	0	0	0	0	0	0	0	0	0	0	0	0	0	0	0	0	0	0	0	0	0	0	3.0	0	0	0	0	0	0	0	0	0	0	0	1.2664	0	0	0	1.0	1.01667	0	0	1.08333	1.0	1.29991	1.0	0	1.0	0	0	2.0	0	0	0	0	0	0	0	0	0	0	0	0	0	0	0	0	0	0	0	0	0	0	0	0	0	0	0	0	0	0	0	0	0	0	0	0	0	0	0	0	0	0	0	0	2.0	0	0	0	0	0	0	1.60563	0	0	1.0	0	0	0	0	0	0	0	0	0	0	0	0	0	0	0	0	0	0	0	0	0	0	0	2.60694	0	0	0	0	0	0	0	0	0	0	0	0	0	2.0	0	0	0	0	2.71074	0	0	0	0	0	0	0	0	3.47788	0	0	0	0	0	0	0	0	0	0	0	0	0	0	0	0	0	3.15909	0	0	0	0	0	0	0	0	0	0	0	0	0	0	0	0	0	0	0	0	0	0	0	0	0	0	0	0	0	0	0	0	0	4.38065	0	0	0	0	1.05882	0	0	0	0	0	0	1.857952188647275
Estonian	3.10456	0	0	0	0	0	0	5.13653	6.25077	0	0	0	0	0	0	0	0	0	0	0	0	0	0	0	1.99564	0	0	0	0	0	0	0	0	0	0	0	0	0	0	0	0	0	0	0	0	0	0	0	0	0	0	1.27473	0	0	0	1.84665	0	2.24218	0	0	0	0	0	0	0	0	0	0	0	0	0	0	0	1.36177	0	0	0	0	0	0	0	0	2.19667	0	1.56703	6.42771	0	0	0	0	0	0	1.77418	0	0	0	0	0	0	0	1.86003	0	0	0	0	0	0	5.9189	0	0	0	2.2747	0	0	0	3.60272	0	3.35574	0	2.53012	0	0	0	0	0	0	0	0	0	0	0	0	0	0	0	1.37128	0	0	0	0	0	0	0	0	3.73134	0	0	0	0	0	0	0	0	0	0	0	0	0	0	0	0	0	1.03004	1.35615	0	0	2.12717	0	0	0	0	0	0	0	1.22881	0	0	0	0	8.23077	3.55815	0	0	0	0	0	0	1.5146	0	0	0	0	0	0	0	0	0	0	0	0	0	0	0	0	0	0	0	0	0	0	0	0	0	0	2.67613	0	0	0	0	0	3.58969	0	0	0	0	0	0	0	1.31341	0	0	0	0	2.56	0	0	0	0	0	0	0	0	2.72219	0	0	0	0	0	0	0	0	0	0	0	0	0	0	0	0	0	0	0	0	0	0	0	0	0	0	0	0	2.37604	0	6.24865	0	0	0	0	0	0	0	0	0	0	0	0	0	0	0	0	0	0	0	0	6.00144	1.625	3.37156	0	0	2.65621	0	0	0	0	0	0	3.2462672602419813
Basque	2.06277	0	0	0	0	0	0	0	3.96124	0	0	0	0	0	0	0	0	0	0	0	0	0	0	0	2.81898	0	0	0	0	0	0	0	0	0	0	0	0	0	0	0	0	0	0	0	0	0	0	0	0	0	0	1.07399	0	0	0	4.0018	0	1.15043	0	0	0	0	0	0	0	0	0	0	0	0	0	0	0	1.00952	0	0	0	0	0	0	0	0	3.45233	0	0	3.97479	0	0	0	0	0	0	1.01367	0	0	0	0	0	0	0	0	0	0	0	0	0	0	6.18467	0	0	0	1.73216	0	0	0	4.0918	0	0	0	1.41803	0	0	0	0	0	0	0	0	0	0	0	0	0	0	0	1.12599	0	0	0	0	0	0	0	0	3.66667	0	0	0	0	0	0	0	0	0	0	0	0	0	0	0	0	0	1.12069	1.00729	0	0	0	0	0	0	0	0	0	0	0	2.73288	0	0	0	0	1.8894	0	0	0	0	0	0	1.51112	0	0	0	0	0	0	0	0	0	0	0	0	0	0	0	0	0	0	0	0	0	0	0	0	0	0	3.3492	0	0	0	0	0	0	0	0	0	0	0	0	0	1.175	0	0	0	0	2.05039	0	0	0	0	0	0	0	0	3.16412	0	0	0	0	0	0	0	0	0	0	0	0	0	0	0	0	0	0	0	0	0	0	0	0	0	0	0	0	0	0	5.28571	0	0	0	0	0	0	0	0	0	0	0	0	0	0	0	0	0	0	0	0	5.96683	0	3.21429	0	0	2.16667	0	0	0	0	0	0	3.09461910867052
Persian	7.24184	0	0	0	0	0	0	7.89466	8.346	0	0	0	0	0	0	0	0	0	0	0	0	0	0	0	5.0489	0	0	0	0	0	0	0	0	0	0	0	0	0	0	0	0	0	0	0	0	0	0	0	0	0	0	1.16612	0	0	0	3.27805	0	1.8182	0	0	0	0	0	0	0	0	0	0	0	1.04427	0	0	0	1.41282	0	0	0	0	0	0	0	0	3.46597	0	3.26531	8.81561	0	0	0	0	0	0	1.24546	0	0	0	0	1.24465	0	0	1.1068	0	0	0	0	0	0	5.96622	0	0	0	2.32839	0	0	0	6.03666	0	0	0	2.3234	0	0	0	0	0	0	0	0	0	0	0	0	0	0	0	1.03163	0	0	0	0	0	2.01852	0	0	0	0	0	0	0	10.42857	0	0	0	0	0	0	0	0	0	0	0	0	1.23106	1.27856	0	0	1.14286	1.34701	1.52059	0	0	0	0	0	1.0	1.33333	0	0	0	0	6.55661	0	0	0	0	0	0	1.72365	0	0	0	0	0	0	0	0	0	0	0	0	0	0	0	0	0	0	0	1.23557	0	0	0	0	0	0	7.69813	0	0	0	0	0	0	0	0	0	1.0	0	8.20821	0	1.25582	0	0	0	0	5.45771	0	0	0	0	0	0	0	0	5.77959	0	0	0	3.39131	0	0	0	0	0	0	0	0	0	0	0	0	0	0	0	0	0	0	0	0	0	0	0	0	0	0	5.71379	0	0	0	0	0	0	0	0	0	0	0	0	0	0	0	0	0	0	0	0	4.73721	0	6.75417	0	0	2.45358	0	0	0	0	0	0	3.3777515184102964
Finnish	2.80684	0	0	0	0	0	0	4.89263	5.04812	0	0	0	0	0	0	0	0	0	0	0	0	0	0	0	1.77677	0	0	0	0	0	0	0	0	0	0	0	0	0	0	0	0	0	0	0	0	0	0	0	0	0	0	1.22696	0	0	0	2.94004	0	1.7288	0	0	0	0	0	0	0	0	0	0	0	1.3282	0	0	0	1.2836	0	0	0	0	0	0	0	0	2.07671	0	1.55801	5.13541	0	0	0	0	0	0	1.44701	0	0	0	0	0	1.43832	0	1.55331	0	0	0	0	0	0	5.54938	0	0	0	2.05156	0	0	1.44965	3.88519	0	3.83617	0	2.35811	0	0	0	0	0	0	0	0	0	0	0	0	0	0	0	1.31968	0	0	0	0	0	0	0	0	4.70709	0	0	0	0	0	0	0	0	0	0	5.08206	0	0	0	0	0	0	1.05783	1.52261	0	0	1.82308	1.54646	0	0	0	0	0	0	1.0	0	0	0	0	0	3.07172	0	0	0	0	0	0	1.86459	0	0	0	0	0	0	0	0	0	0	0	1.33919	1.40217	0	0	0	0	0	0	1.39284	0	0	0	0	0	0	2.25084	0	0	0	0	0	3.6118	0	0	0	0	0	0	0	1.20293	0	0	0	0	2.10145	0	0	0	0	0	0	0	0	2.78767	0	0	0	0	0	0	0	0	0	0	0	0	0	0	0	0	0	0	0	0	0	0	0	0	0	0	0	0	2.84444	0	9.00861	0	0	0	0	0	0	0	0	0	0	0	0	0	0	0	0	0	0	0	0	4.1344	1.82353	3.7561	0	0	1.71594	0	2.08073	0	0	0	0	2.621949308045756
Faroese	4.16652	0	0	0	0	0	0	4.46523	4.41649	0	0	0	0	0	0	0	0	0	0	0	0	0	0	0	2.7958	0	0	0	0	0	0	0	0	0	0	0	0	0	0	0	0	0	0	0	0	0	0	0	0	0	0	1.2373	0	0	0	3.48305	0	1.63004	0	0	0	0	0	0	0	0	0	0	0	2.10526	0	0	0	1.33463	0	0	0	0	0	0	0	0	2.82365	0	1.0	6.09918	0	0	0	0	0	0	1.73628	0	0	0	0	0	0	0	1.7583	0	0	0	0	0	0	10.21585	0	0	0	1.85994	0	0	0	3.66667	0	0	0	2.33071	0	0	0	0	0	0	0	0	0	0	0	0	0	0	0	1.32558	0	0	0	0	0	0	0	0	5.83333	0	0	0	0	0	0	0	0	0	0	3.54545	0	0	0	0	0	0	1.0	1.13514	0	0	2.0	1.0	0	0	0	0	0	0	0	1.25225	0	0	0	0	2.50492	0	0	0	0	0	0	1.39474	0	0	0	0	0	0	0	0	0	0	0	0	0	0	0	0	0	0	0	1.10491	0	0	0	0	0	0	2.09446	0	0	0	0	0	0	0	0	0	0	0	1.0	0	1.20588	0	0	0	0	1.73833	0	0	0	0	0	0	0	0	3.89437	0	0	0	0	0	0	0	0	0	0	0	0	0	0	0	0	0	0	0	0	0	0	0	0	0	0	0	0	2.0	0	5.45833	0	0	0	0	0	0	0	0	0	0	0	0	0	0	0	0	0	0	0	0	1.55489	0	4.80583	0	0	2.9895	0	0	0	0	0	0	2.653932064251265
French	4.85321	0	0	0	0	0	0	5.95568	10.66954	0	0	6.42857	0	0	0	0	0	0	0	0	0	0	0	0	2.6187	0	0	0	0	0	0	0	0	0	0	0	0	0	0	0	0	0	0	0	0	0	0	0	0	0	0	1.28387	0	0	0	3.30859	0	1.43594	0	0	1.12846	0	0	0	0	0	0	0	0	1.28299	0	0	1.47601	1.81541	0	0	0	0	0	0	0	0	2.87794	0	0	8.07442	0	0	0	0	0	0	1.10833	0	0	0	0	0	0	0	0	0	0	0	0	0	0	8.10005	0	0	0	2.15844	0	0	0	6.29613	0	0	6.4	2.97977	0	0	0	0	0	1.58289	0	0	0	0	0	0	0	0	0	1.14678	0	0	0	0	0	0	0	0	2.80819	0	0	0	0	5.8327	0	0	0	0	0	1.51206	1.22653	0	1.13586	0	0	2.05925	1.56283	1.14561	0	0	1.45525	1.10835	0	0	0	0	0	0	1.02439	3.63062	2.54167	0	0	0	3.20309	0	0	0	0	0	0	3.34571	0	1.30172	0	0	0	0	0	0	0	0	0	0	0	0	0	0	0	0	0	0	0	0	0	0	0	0	4.06669	0	0	0	4.82439	0	0	0	0	0	0	0	4.59844	0	1.83974	0	0	0	0	2.62965	0	0	2.46377	0	0	1.26014	0	0	5.85861	0	3.52773	0	3.35783	0	0	0	0	0	0	0	0	0	0	0	0	0	5.87277	0	0	0	0	0	0	0	0	0	0	5.2066	0	13.74493	0	0	0	0	0	0	0	5.6	0	0	0	0	7.27273	0	0	0	0	0	0	0	9.48393	2.83797	9.0578	0	0	2.6348	0	0	0	0	0	0	3.616382735374544
OldFrench	4.54676	0	0	0	0	0	0	4.61589	6.77714	0	0	0	0	0	0	0	0	0	0	0	0	0	0	0	2.13219	0	0	0	0	0	0	0	0	0	0	0	0	0	0	0	0	0	0	0	2.25	0	0	0	0	0	0	1.24498	0	0	0	2.57099	0	1.64969	0	0	0	0	0	0	0	0	0	0	0	1.54059	0	0	0	1.4889	0	0	0	1.1225	0	0	0	0	3.12548	4.1563	0	5.64185	0	0	0	0	0	0	1.0	0	0	0	0	0	0	0	0	0	0	0	0	0	0	4.85628	0	0	0	1.63393	0	0	0	4.80078	0	0	0	0	0	0	0	0	0	0	0	0	0	0	0	0	0	0	0	1.10789	0	0	0	0	0	0	0	0	6.31429	0	0	0	0	6.31102	0	0	0	0	0	1.80969	0	0	0	0	0	0	2.24	1.29636	0	0	0	0	0	0	0	0	0	0	0	1.50352	0	0	0	0	3.18152	0	3.81818	0	0	0	0	2.4871	0	0	0	0	0	0	0	0	0	0	0	0	0	0	0	0	0	0	0	0	0	0	0	0	0	0	2.37004	1.0	0	0	0	0	0	0	0	0	0	1.40449	0	0	1.09602	0	0	0	0	1.95928	1.11111	1.16667	0	0	0	0	2.0	0	2.96599	1.44939	0	0	0	0	0	0	0	0	0	0	0	0	0	0	0	0	0	0	0	0	0	0	0	0	0	0	0	0	0	4.93711	0	0	0	0	0	0	0	0	0	0	0	0	0	0	0	0	0	0	0	0	0	0	4.67164	0	0	2.54875	0	0	0	0	0	0	2.512774133320473
Irish	3.45839	0	0	0	0	0	0	3.45689	11.13245	0	0	0	0	0	0	0	0	0	0	0	0	0	0	0	3.29785	0	0	0	0	0	0	0	0	0	0	0	0	0	0	0	0	0	0	0	0	0	0	0	0	0	0	1.27036	0	0	0	4.12835	0	1.58333	0	0	0	0	0	0	0	0	0	0	0	0	0	0	0	1.40382	0	0	0	0	0	0	0	1.01235	1.71004	0	0	5.85316	0	0	0	0	0	0	1.05534	0	0	0	0	0	0	0	1.07273	0	0	0	0	0	0	7.03814	0	0	0	1.50908	0	0	0	4.19963	3.95025	4.35045	0	22.0	0	0	0	0	0	0	0	0	0	0	0	0	0	0	0	1.05972	0	0	0	0	0	0	0	0	5.54464	7.11628	0	0	0	13.47273	0	0	0	0	0	1.0	0	0	0	0	0	0	1.04338	1.46628	0	0	1.84507	1.36645	0	0	0	0	0	0	1.0	1.0	0	0	0	11.19162	1.22729	0	0	0	1.06468	0	0	2.01007	0	0	0	0	0	0	0	0	0	0	0	0	0	0	0	0	0	0	0	1.02601	0	0	0	0	0	0	1.55873	0	0	0	0	0	0	0	0	0	0	0	0	0	1.09244	0	0	0	0	2.8039	0	0	0	0	0	0	0	0	4.68066	0	0	0	0	0	0	0	0	0	0	0	0	0	0	0	0	0	0	0	0	0	0	0	0	2.46055	0	0	6.93205	7.63636	0	11.58587	0	0	0	0	0	0	11.47352	0	0	0	0	0	0	0	0	0	3.9951	8.63598	0	12.61695	9.40515	0	4.36583	0	4.30934	5.29744	0	0	0	3.24035	0	0	3.512216878668112
Gaelic	3.46435	0	0	0	0	0	0	3.46435	8.23039	0	0	0	0	0	0	0	0	0	0	0	0	0	0	0	2.70356	0	0	0	0	0	0	0	0	0	0	0	0	0	0	0	0	0	0	0	0	0	0	0	0	0	0	1.26206	0	0	0	4.5	0	0	0	0	0	0	0	0	0	0	0	0	0	0	0	0	0	1.43892	0	0	0	0	0	0	0	1.0	2.22321	0	0	4.55951	0	0	0	0	0	0	1.07778	0	0	0	0	0	0	0	0	0	0	0	0	0	0	10.68984	0	0	0	1.9288	0	0	0	3.06992	3.07895	3.03261	0	3.06481	0	0	0	0	0	0	0	0	0	0	0	0	0	0	0	1.08243	0	0	0	0	0	0	0	0	2.66344	0	0	0	0	3.88235	0	0	0	0	0	0	0	0	0	0	0	0	1.1152	1.43822	0	0	1.59494	1.44966	0	0	0	0	0	0	0	0	0	0	0	0	1.21228	0	0	0	1.09102	0	0	2.078	0	0	0	0	0	0	0	0	0	0	0	0	0	0	0	0	0	0	0	1.02933	0	0	0	0	0	0	1.2894	0	0	0	0	0	0	0	0	0	0	0	0	0	1.199	0	0	0	0	2.37773	0	0	0	0	0	0	0	0	4.50053	0	0	0	0	0	0	0	0	0	0	0	0	0	0	0	0	0	0	0	0	0	0	0	0	0	0	4.36842	4.92437	0	0	8.18117	0	0	0	0	0	0	0	0	0	0	0	0	0	0	0	0	0	0	0	0	10.09062	2.74561	5.76042	0	0	3.83012	0	0	0	3.54245	0	0	2.99725836174999
Galician	4.61562	0	0	0	0	0	0	0	8.6703	0	0	0	0	0	0	0	0	0	0	0	0	0	0	0	2.2235	0	0	0	0	0	0	0	0	0	0	0	0	0	0	0	0	0	0	0	0	0	0	0	0	0	0	1.29933	0	0	0	5.08642	0	1.50127	0	0	0	0	0	0	0	0	0	0	0	1.02703	0	0	0	2.0374	0	0	0	0	0	0	0	0	4.32548	0	0	6.08623	0	0	0	0	0	0	1.17391	0	0	0	0	0	0	0	0	0	0	0	0	0	0	8.12104	0	0	0	1.78169	0	0	0	5.75556	0	0	0	3.50622	0	0	0	0	0	0	0	0	0	0	0	0	0	0	0	1.19277	0	0	0	0	0	0	0	0	6.5	0	0	0	0	0	0	0	0	0	0	1.14187	0	0	0	0	0	0	1.25758	3.54323	0	0	1.0	1.33131	0	0	0	0	0	0	0	2.20376	0	0	0	5.25	4.19789	0	0	0	0	0	0	3.41512	0	0	0	0	0	0	0	0	0	0	0	0	0	0	0	0	0	0	0	0	0	0	0	0	0	0	4.22248	0	0	0	0	0	0	0	0	0	0	0	5.16	0	1.41924	0	0	0	0	2.60658	0	0	0	0	0	0	0	0	4.87369	0	0	0	0	0	0	0	0	0	0	0	0	0	0	0	0	0	0	0	0	0	0	0	0	0	0	0	0	2.0	0	12.3871	0	0	0	0	0	0	0	0	0	0	0	0	0	0	0	0	0	0	0	0	9.99008	0	8.0	0	0	2.44196	0	0	0	0	0	0	3.4716472471133084
Gothic	3.61722	0	0	0	0	0	0	0	4.73915	0	0	0	0	0	0	0	0	0	0	0	0	0	0	0	1.90164	0	0	0	0	0	0	0	0	0	0	0	0	0	0	0	0	0	0	0	0	0	0	0	0	0	0	1.20858	0	0	0	3.38273	0	0	0	0	0	0	0	0	0	0	0	0	0	0	0	0	0	1.17121	0	0	0	0	0	0	0	0	3.58581	0	0	4.40297	0	0	0	0	0	0	0	0	0	0	0	0	0	0	0	0	0	0	0	0	0	5.63223	0	0	0	1.46804	0	0	0	4.2381	0	0	4.2381	2.0	0	0	0	0	0	0	0	0	0	0	0	0	0	0	0	1.23451	0	0	0	0	0	0	0	0	3.05091	0	0	0	0	5.84028	0	0	0	0	0	1.0098	0	0	0	0	0	0	1.0	1.09848	0	0	0	1.09848	0	0	0	0	0	0	0	1.56126	0	0	0	0	2.49443	0	0	0	0	0	0	1.38842	0	0	0	0	0	0	0	0	0	0	0	0	0	0	0	0	0	0	0	0	0	0	0	0	0	0	2.32987	0	0	0	0	0	0	0	0	0	0	0	2.61818	0	1.14359	0	0	0	0	1.58753	0	0	0	0	0	0	0	0	2.81912	0	2.55224	0	0	0	0	0	0	0	0	0	0	0	0	0	0	0	0	0	0	0	0	0	0	0	0	0	0	2.45614	0	7.87805	0	0	0	0	0	0	0	0	0	0	0	0	0	0	0	0	0	0	0	0	0	0	3.13909	0	0	1.95306	0	0	0	0	0	0	2.537956271928088
AncientGreek	5.40445	0	0	0	0	0	0	0	5.47096	0	0	0	0	0	0	0	0	0	0	0	0	0	0	0	3.19562	0	0	0	0	0	0	0	0	0	0	0	0	0	0	0	0	0	0	0	0	0	0	0	0	0	0	1.86695	0	0	0	4.2151	0	3.0	0	0	0	0	0	0	0	0	0	0	0	2.33333	0	0	0	1.56648	0	0	0	0	0	0	0	0	3.96248	0	0	4.64878	0	0	0	0	0	0	0	0	0	0	0	0	0	0	0	0	0	0	0	0	0	6.60159	0	0	0	2.01075	0	0	0	4.71453	0	0	5.36496	3.25	0	0	0	0	0	0	0	0	0	0	0	0	0	0	0	1.38742	0	0	0	0	0	0	0	0	4.22544	0	0	0	0	7.26238	0	0	0	0	0	0	0	0	0	0	0	0	1.375	1.37324	0	0	0	1.37324	0	0	0	0	0	0	0	2.10584	0	0	0	0	3.35315	0	0	0	0	0	0	1.95962	0	0	0	0	0	0	0	0	0	0	0	0	0	0	0	0	0	0	0	0	0	0	0	0	0	0	3.30174	0	0	0	0	0	0	0	0	0	0	0	2.86147	0	1.45485	0	0	0	0	2.19173	0	0	0	0	0	0	0	0	3.14279	0	2.58787	0	0	0	0	0	0	0	0	0	0	0	0	0	0	0	0	0	0	0	0	0	0	0	0	0	0	3.23904	0	8.2095	0	0	0	0	0	0	0	0	0	0	0	0	0	0	0	0	0	0	0	0	5.66496	0	3.9682	0	0	2.76545	0	0	0	0	0	0	3.2111485330768716
SwissGerman	7.57143	0	0	0	0	0	0	8.75	5.875	0	0	0	0	0	0	0	0	0	0	0	0	0	0	0	2.63842	0	0	0	0	0	0	0	0	0	0	0	0	0	0	0	0	0	0	0	0	0	0	0	0	0	0	1.23913	0	0	0	2.4	0	3.86792	0	0	0	0	0	0	0	0	0	0	0	1.5	0	0	0	1.56522	0	0	0	0	0	0	0	0	3.45714	0	0	6.08696	0	0	0	0	0	0	2.71429	0	0	0	0	0	0	0	3.0	0	0	0	0	0	0	5.95122	0	0	0	2.22222	0	0	0	11.66667	0	0	0	3.0	0	0	0	0	0	0	0	0	0	0	0	0	0	0	0	1.29268	0	0	0	0	0	0	0	0	0	0	0	0	0	0	0	0	0	0	0	3.42857	0	0	0	0	0	0	1.0	1.0	0	0	0	0	0	0	0	0	0	0	0	2.72727	0	0	0	0	3.725	0	0	0	0	0	0	2.34286	0	0	0	0	0	0	0	0	0	0	0	0	0	0	0	0	0	0	0	1.08333	0	0	0	0	0	0	3.97297	0	0	0	0	0	0	0	0	0	0	0	5.71429	0	2.3	0	0	0	0	2.78333	0	0	0	0	0	0	0	0	4.3253	0	0	0	0	0	0	0	0	0	0	0	0	0	0	0	0	0	0	0	0	0	0	0	0	0	0	0	0	0	0	4.33333	0	0	0	0	0	0	0	0	0	0	0	0	0	0	0	0	0	0	0	0	5.01124	0	0	0	0	3.66667	0	0	0	0	0	0	3.248366085693537
Guajajára	0	0	0	0	0	0	0	0	3.0	0	0	0	0	0	0	0	0	0	0	0	0	0	0	0	1.24242	0	0	0	0	0	0	0	0	0	0	0	0	0	0	0	0	0	0	0	0	0	0	0	0	0	0	0	0	0	0	3.4	0	0	0	0	0	0	0	0	0	0	0	0	0	0	0	0	0	1.09639	0	0	0	0	0	0	0	0	0	0	0	0	0	0	0	0	0	0	1.0	0	0	0	0	0	0	0	0	0	0	0	0	0	0	0	0	0	0	0	0	0	0	0	0	0	0	2.25	0	0	0	0	0	0	0	0	0	0	0	0	0	0	0	1.2	0	0	0	0	0	0	0	0	3.32812	0	0	0	0	0	0	0	0	0	0	0	0	0	0	0	0	0	0	0	0	0	0	0	0	0	0	0	0	0	0	0	0	0	0	0	1.0	0	0	0	0	0	0	1.19444	0	0	0	0	0	0	0	0	0	0	0	0	0	0	0	0	0	0	0	0	0	0	0	0	0	0	1.69355	0	0	0	0	0	0	0	0	0	0	0	0	0	0	0	0	0	0	1.46154	0	0	0	0	0	0	0	0	2.11688	0	0	0	0	0	0	0	0	0	0	0	0	0	0	0	0	0	0	0	0	0	0	0	0	0	0	0	0	0	0	0	0	0	0	0	0	0	0	0	0	0	0	0	0	0	0	0	0	0	0	0	3.78313	0	0	0	0	5.0	0	0	0	0	0	0	2.1696241420118345
MbyáGuaraní	1.97143	0	0	0	0	0	0	0	4.80827	0	0	0	0	0	0	0	0	0	0	0	0	0	0	0	2.30128	0	0	0	0	0	0	0	0	0	0	0	0	0	0	0	0	0	0	0	0	0	0	0	0	0	0	1.08	0	0	0	2.13793	0	2.5	0	0	0	0	0	0	0	0	0	0	0	0	0	0	0	1.24951	0	0	0	0	0	0	0	0	3.76271	0	0	3.64706	0	0	0	0	0	0	1.62783	0	0	0	0	0	0	0	0	0	0	0	1.69928	0	0	7.06299	0	0	0	1.0	0	0	0	4.28571	0	0	0	1.84321	0	0	0	0	0	0	0	0	0	0	0	1.84202	0	0	0	1.54054	0	0	0	0	0	0	0	0	3.23077	0	0	0	0	5.08	6.66667	0	0	0	0	0	0	0	0	0	0	0	1.14286	1.16667	0	0	0	0	0	0	0	0	0	0	1.0	0	0	0	0	6.0	1.34711	0	0	0	0	0	0	1.14516	0	0	0	0	0	0	0	0	0	0	0	0	0	0	0	0	0	0	0	0	0	0	0	0	0	0	2.17693	0	0	0	0	0	0	0	0	0	0	0	0	0	1.20202	0	0	0	0	1.98873	0	0	0	0	0	0	0	0	4.18347	0	0	0	0	0	0	0	0	0	0	0	0	0	0	0	0	0	0	0	0	0	0	0	0	0	5.91279	0	0	0	0	5.32196	0	0	0	0	0	0	0	0	0	0	0	0	0	0	5.79252	0	0	0	0	0	3.65193	2.2	3.375	0	0	2.0	0	0	0	0	0	0	2.7342849658530413
Manx	2.04545	0	0	0	0	0	0	1.86667	9.61628	0	0	0	0	0	0	0	0	0	0	0	0	0	0	0	2.58824	0	0	0	0	0	0	0	0	0	0	0	0	0	0	0	0	0	0	0	0	0	0	0	0	0	0	1.15856	0	0	0	3.51064	0	0	0	0	0	0	0	0	0	0	0	0	0	0	0	0	0	1.31883	0	0	0	0	0	0	0	0	1.50898	0	0	4.12	0	0	0	0	0	0	2.0	0	0	0	0	0	0	0	0	0	0	0	0	0	0	8.24013	0	0	0	1.20588	0	0	0	2.34286	1.47619	3.64286	0	2.0	0	0	0	0	0	0	0	0	0	0	0	0	0	0	0	1.06789	0	0	0	0	0	0	0	0	2.25	0	0	0	0	0	0	0	0	0	0	0	0	0	0	0	0	0	1.08451	1.23333	0	0	1.75	0	0	0	0	0	0	0	0	2.0	0	0	0	0	1.05735	0	0	0	0	0	0	1.62935	0	0	0	0	0	0	0	0	0	0	0	0	0	0	0	0	0	0	0	1.02448	0	0	0	0	0	0	1.15807	0	0	0	0	0	0	0	0	0	0	0	0	0	1.09709	0	0	0	0	2.27989	0	0	0	0	0	0	0	0	4.02589	0	0	0	0	0	0	0	0	0	0	0	0	0	0	0	0	0	0	0	0	0	0	0	0	0	0	0	5.92308	2.5	0	8.71552	0	0	0	0	0	0	0	0	0	0	0	0	0	0	0	0	0	0	0	0	6.50612	2.0	5.54545	0	0	3.18221	0	0	0	3.40023	0	0	2.8231785040438035
Hebrew	4.54201	0	0	0	0	0	0	4.82523	9.66175	0	0	0	0	0	0	0	0	0	0	0	0	0	0	0	2.01151	0	0	0	0	0	0	0	0	0	0	0	0	0	0	0	0	0	0	0	0	0	0	0	0	0	0	1.82873	0	0	0	5.01681	0	1.57997	0	0	0	0	0	0	0	0	0	0	0	0	0	0	0	1.36548	1.45069	0	0	0	1.17406	0	0	0	2.65757	0	0	7.85091	0	0	0	0	0	0	1.51085	0	1.8383	0	0	0	0	0	0	0	0	1.50196	0	0	0	8.31442	0	0	0	1.98479	0	0	0	4.33333	0	0	0	6.00753	0	0	0	0	0	0	0	0	0	0	0	0	0	0	0	1.0688	0	0	0	0	0	0	0	0	1.0	0	0	0	0	8.375	0	0	0	0	0	0	0	0	0	0	0	0	1.29584	1.5113	0	0	0	1.5113	0	0	0	0	0	0	0	0	0	0	0	0	3.06763	0	0	0	0	4.92857	0	3.43497	0	0	0	0	0	0	0	0	0	0	0	0	0	0	0	0	0	0	0	2.6	0	0	0	0	0	0	3.80178	0	0	0	0	0	7.60606	0	0	0	0	0	0	0	1.22248	0	0	0	0	2.68076	0	0	0	0	0	0	0	0	4.31766	0	0	0	0	0	0	0	0	0	0	0	0	0	0	0	0	0	0	0	0	0	0	0	0	0	0	0	0	0	0	9.1082	0	0	0	0	0	0	0	0	0	0	0	0	0	0	0	0	0	0	0	0	9.00038	0	0	0	0	2.44483	0	0	0	0	0	0	3.2856746000265034
Hindi	6.94148	0	0	0	0	0	0	9.94904	7.33162	0	0	0	0	0	0	0	0	0	0	0	0	0	0	0	2.21859	0	0	0	0	0	0	0	0	0	0	0	0	0	0	0	0	0	0	0	0	0	0	0	0	0	0	1.37767	0	0	0	3.06306	0	1.35141	0	0	0	0	0	0	0	0	0	0	0	1.67683	0	0	0	1.23493	0	0	0	0	0	0	0	0	4.91661	0	0	11.61438	0	0	0	0	0	0	1.3319	0	0	0	0	1.04251	0	0	0	0	1.85714	0	0	0	0	7.05843	0	0	0	1.47858	0	0	0	0	0	0	0	1.57552	0	0	0	0	0	0	0	0	0	0	0	0	0	0	0	1.23137	0	0	0	0	0	0	0	0	2.21818	0	0	0	0	4.55172	0	0	0	0	0	0	0	0	0	0	0	0	1.19413	1.20096	0	0	0	1.2	0	0	0	0	0	0	0	5.99889	0	0	0	5.0	6.2075	0	0	0	0	0	0	2.82369	0	0	0	0	0	0	0	0	0	0	0	0	0	0	0	0	0	0	0	2.56602	0	0	0	0	0	0	6.27419	0	0	0	0	0	0	0	0	0	0	0	6.04115	0	1.3276	0	0	0	0	5.44309	0	0	0	0	0	0	0	0	7.30811	0	7.93023	0	0	0	0	0	0	0	0	0	0	0	0	0	0	0	0	0	0	0	0	0	0	0	0	0	9.09265	0	0	11.21277	0	0	0	0	0	0	0	0	0	0	0	0	0	0	0	0	0	0	0	0	6.76736	0	3.0	0	0	1.88568	0	0	0	0	0	0	3.5304800544184936
Croatian	4.66797	0	0	0	0	0	0	0	8.92913	0	0	0	0	0	0	0	0	0	0	0	0	0	0	0	1.90139	0	0	0	0	0	0	1.02326	0	0	0	0	0	0	0	0	0	0	0	0	0	0	0	0	0	0	0	1.25223	0	0	0	3.60609	0	2.17044	0	0	0	0	0	0	0	0	0	0	0	0	0	0	0	1.45947	0	0	0	0	0	0	0	0	2.31695	0	0	6.15039	0	0	0	0	0	0	1.3	0	0	0	0	0	0	0	0	0	0	0	0	0	0	6.58023	0	0	0	2.24352	0	0	0	5.8489	0	0	0	3.375	0	0	0	0	0	0	0	0	0	0	0	0	0	0	0	1.35506	0	0	0	0	0	0	0	0	3.00986	0	0	0	0	6.85714	0	0	0	0	0	2.06059	0	0	0	0	0	0	1.12458	1.42762	0	0	2.11475	0	0	0	0	0	0	0	0	2.54298	0	0	0	5.45833	4.14246	0	0	0	0	0	0	2.09365	0	0	0	0	0	0	0	0	0	0	0	0	0	0	0	0	0	0	0	0	0	0	0	0	0	0	3.37324	0	0	0	0	0	0	0	0	0	0	0	0	0	1.41481	0	0	0	0	2.08242	0	0	0	0	0	0	0	0	3.89891	0	0	0	0	0	0	0	0	0	0	0	0	0	0	0	0	0	0	0	0	0	0	0	0	0	0	0	0	4.15972	0	9.72261	0	0	0	0	0	0	0	0	0	0	0	0	0	0	0	0	0	0	0	0	7.93569	0	3.45833	0	0	2.33983	0	0	0	0	0	0	3.4007334260352855
UpperSorbian	7.54839	0	0	0	0	0	0	0	9.30137	0	0	0	0	0	0	0	0	0	0	0	0	0	0	0	2.89613	0	0	0	0	0	0	2.57143	0	0	0	0	0	0	0	0	0	0	0	0	0	0	0	0	0	0	0	1.31105	0	0	0	4.16352	0	6.79592	0	0	0	0	0	0	0	0	0	0	0	3.0	0	0	0	1.66421	0	0	0	0	0	0	0	0	2.1566	0	0	7.2	0	0	0	0	0	0	2.01887	0	0	0	0	0	0	0	0	0	0	0	0	0	0	6.40675	0	0	0	3.2625	0	0	0	6.3	0	0	0	3.77778	0	0	2.0	0	0	0	0	0	0	0	0	0	0	0	0	1.5865	0	0	1.57895	0	0	0	0	0	1.0	0	0	0	0	0	0	0	0	0	0	3.94944	0	0	4.34343	0	3.4557	0	1.11224	2.30935	0	0	1.5	0	0	0	0	0	0	0	0	2.35714	0	0	0	6.18182	4.42727	0	0	0	0	0	0	2.60915	0	0	0	0	0	0	0	0	0	0	0	0	0	0	0	0	0	0	0	0	0	0	0	0	0	0	4.29178	0	0	0	0	0	0	0	0	0	0	0	4.5	0	2.12062	0	0	0	1.89062	3.30707	0	0	0	0	0	0	0	0	4.60612	0	0	0	0	0	0	0	0	0	0	0	0	0	0	0	0	0	0	0	0	0	0	0	0	0	0	0	0	2.91667	0	5.44068	0	0	0	0	0	0	0	0	0	0	0	0	0	0	0	0	0	0	0	0	5.26423	0	0	0	0	4.84043	0	0	0	0	0	0	3.545803538123971
Hungarian	9.39375	0	0	0	0	0	0	0	9.94089	0	0	0	0	0	0	0	0	0	0	0	0	0	0	0	2.77186	0	0	0	0	0	0	0	0	0	0	0	0	0	0	3.60674	0	0	2.79022	0	0	1.31818	3.22222	3.43968	0	1.80769	2.43243	1.40048	1.39992	2.33333	0	4.39024	0	1.12903	0	0	0	0	0	0	0	0	0	0	0	0	0	0	0	1.41625	0	0	0	0	0	0	0	0	3.69704	0	0	8.63656	0	8.42584	9.29221	0	7.625	0	1.1296	0	0	0	0	0	0	1.16946	0	0	0	0	0	0	0	8.29661	0	0	0	1.45562	0	0	0	9.18421	0	0	0	12.0	0	0	0	0	0	0	0	0	0	0	0	0	0	0	0	1.74591	0	0	0	0	0	0	0	0	3.0	0	0	0	0	8.0	0	0	0	0	0	0	0	0	0	0	0	0	0	1.36108	0	0	0	1.36108	0	0	0	0	0	0	1.0	2.51818	0	0	0	6.25	5.67785	0	0	0	0	0	0	2.19401	0	0	0	2.06823	1.0	0	0	0	0	0	0	0	0	0	0	0	0	2.81019	0	0	0	0	0	0	0	0	4.15719	0	0	0	0	0	0	0	0	1.0	0	0	0	0	1.25	0	0	0	0	3.09307	0	0	0	0	0	1.2381	0	0	3.5	0	0	0	0	0	0	0	0	0	0	0	0	0	0	0	1.1875	0	0	0	0	0	0	0	0	0	0	0	0	6.61446	0	7.80791	0	0	0	0	0	0	0	0	0	0	0	0	0	0	0	0	0	0	0	0	7.95213	0	3.0	0	0	1.67628	0	0	0	0	0	0	3.4361933598917327
Armenian	3.90648	0	0	0	0	0	0	6.72078	7.53759	0	0	0	0	0	0	0	0	0	0	0	0	0	0	0	2.15378	0	0	0	0	0	0	1.76092	0	0	0	0	0	0	0	0	0	0	0	0	0	0	0	0	0	0	0	1.28993	0	0	0	4.19476	0	1.13127	0	0	1.5	0	0	1.0	0	0	0	0	0	0	0	0	0	1.58359	0	0	0	0	0	2.1	0	0	3.20223	0	0	7.37215	0	0	0	0	0	0	1.51242	0	0	0	0	1.38571	0	0	0	0	1.89552	0	2.10526	0	0	8.10269	0	0	0	1.15421	0	0	0	5.50485	0	0	11.11765	2.3913	0	0	0	0	0	0	0	0	0	0	0	0	0	0	0	1.3511	0	0	0	0	1.39104	0	0	0	3.86753	0	0	0	0	6.38636	0	0	0	0	0	4.0	0	0	0	0	0	0	1.10938	1.37476	0	0	0	0	0	0	0	0	0	0	2.98529	2.79641	2.66667	0	0	2.77778	4.58495	0	0	0	0	0	0	1.96705	0	0	0	0	0	0	0	0	0	0	0	0	0	0	0	3.11973	0	0	0	1.77144	0	0	0	0	0	0	3.24856	0	0	0	3.36364	0	0	0	0	0	0	0	4.1087	0	1.24532	0	0	0	0	2.62703	0	0	0	0	0	0	0	0	3.54548	0	3.58974	0	0	0	0	0	0	0	0	0	0	0	0	0	0	0	0	0	0	0	0	0	0	0	0	0	0	2.9505	0	8.57654	0	0	0	0	0	0	0	0	0	0	0	0	0	0	0	0	0	0	0	0	6.19992	0	6.22857	0	0	2.54412	0	0	0	0	0	0	3.5986390168100075
WesternArmenian	4.72803	0	0	0	0	0	0	7.63467	7.45185	0	0	0	0	0	0	0	0	0	0	0	8.73077	0	0	0	2.31211	0	0	0	0	0	0	1.5537	0	0	0	0	0	0	0	0	0	0	0	0	0	0	0	0	0	0	0	1.43693	0	0	0	4.2924	0	1.07085	0	0	1.33333	0	0	1.25	0	0	0	0	0	0	0	0	0	1.38744	0	0	0	0	0	1.28571	0	0	3.11337	0	0	5.60324	0	0	0	0	0	0	1.35472	0	0	0	0	1.36364	0	0	0	0	1.23611	0	1.46154	0	0	7.61795	0	0	0	1.2987	0	0	0	5.85156	0	0	7.2	1.56098	0	0	0	0	0	0	0	0	0	0	0	0	0	0	0	1.39603	0	0	0	0	1.56698	0	0	0	4.67586	0	0	0	0	6.2807	0	0	0	0	0	3.2	0	0	0	0	0	0	1.22928	1.30189	0	1.33333	0	1.17647	0	1.28571	0	0	0	0	1.0	1.90805	1.66667	0	0	3.5	4.62565	0	0	0	0	0	0	1.75153	0	0	0	0	0	0	0	0	0	0	0	0	0	0	0	2.28365	0	0	0	1.703	0	0	0	0	0	0	3.81962	0	0	0	3.4	0	0	0	0	0	0	0	4.11864	0	1.34307	0	0	0	0	2.29639	0	0	0	0	0	0	0	0	3.60497	0	3.22222	0	0	0	0	0	0	0	0	0	0	0	0	0	0	0	0	0	0	0	0	0	0	0	0	0	0	2.1194	0	7.18675	0	0	0	0	0	0	0	0	0	0	0	0	0	0	0	0	0	0	0	0	6.11539	1.0	6.59524	0	0	2.36534	0	0	0	0	0	0	3.530489808811085
Indonesian	3.90865	0	0	0	0	0	0	4.33881	7.51166	0	0	0	0	0	0	0	0	0	0	0	0	0	0	0	1.5896	0	0	0	0	0	0	1.19753	0	0	0	0	0	0	0	0	0	0	0	0	0	0	0	0	0	0	0	1.48983	0	0	0	4.07089	0	1.13343	0	0	0	0	0	0	0	0	0	0	0	0	0	0	0	1.24856	0	1.0641	0	0	0	0	0	0	1.88508	0	1.625	4.72934	0	0	0	0	0	1.0	1.30996	1.0	0	0	0	0	0	0	0	0	0	0	0	0	0	6.9442	0	0	0	1.51141	0	0	0	5.7973	0	0	6.15385	21.26071	0	0	0	0	0	0	0	0	0	0	0	0	0	0	0	1.36686	0	0	0	0	0	0	0	0	4.2	0	0	0	0	5.5	0	0	0	0	0	0	0	0	0	0	0	0	1.4277	1.30708	0	0	1.47973	1.75037	0	0	0	0	0	0	1.0	2.55556	0	0	0	0	2.89069	0	0	0	0	0	0	2.64076	0	0	0	0	0	0	0	0	0	0	0	0	0	0	1.16827	0	0	0	0	1.42827	0	0	0	0	0	3.12634	2.98795	0	0	0	0	0	0	0	0	0	0	0	2.9041	0	1.44783	0	0	0	0	1.28249	0	0	0	0	0	0	0	0	4.11096	0	2.22378	0	0	0	0	0	0	0	0	0	0	0	0	0	0	0	0	0	0	0	0	0	0	0	0	0	4.68885	4.92308	0	13.08798	0	0	0	0	0	0	0	0	0	0	0	0	0	0	0	0	0	0	0	0	6.77036	0	8.0	0	0	3.511	0	0	0	0	0	0	3.1906737119591315
Icelandic	4.22888	0	0	0	0	0	0	4.96114	5.25519	0	0	0	0	0	0	0	0	0	0	0	0	0	0	0	2.40266	0	0	0	0	0	0	0	0	0	0	0	0	0	0	0	0	0	0	0	0	0	0	0	0	0	0	1.54735	0	0	0	2.23328	0	2.11313	0	0	0	0	0	0	0	0	0	0	0	0	0	0	0	1.48588	0	0	0	0	0	0	0	0	2.49381	0	0	5.86335	0	0	0	0	0	0	1.81031	0	0	0	0	0	0	0	1.81165	0	0	0	0	0	0	12.37105	0	0	0	2.18199	0	0	0	5.0	0	0	0	3.67854	0	0	0	0	0	0	0	0	0	0	0	0	0	0	0	1.27194	0	0	0	0	0	0	0	0	5.19477	0	0	0	0	12.0	0	0	0	0	0	2.78819	0	0	0	0	0	0	1.04509	1.47174	0	0	3.40169	1.02424	0	0	0	0	0	0	0	1.61075	0	0	0	0	2.48057	0	0	0	0	0	0	1.2314	0	0	0	0	0	0	0	0	0	0	0	0	0	0	0	0	0	0	0	1.19011	0	0	0	0	0	0	1.93961	0	0	0	0	0	0	0	0	0	0	0	0	0	1.23109	0	0	0	0	2.14023	0	0	0	0	0	0	0	0	4.11207	0	0	0	2.96795	0	0	0	0	0	0	0	0	0	0	0	0	0	0	0	0	0	0	0	0	0	0	0	0	0	0	6.91062	0	0	0	0	0	0	0	0	0	0	0	0	0	0	0	0	0	0	0	0	1.23801	0	4.93298	0	0	3.21096	0	0	0	0	0	0	2.8495070531769855
Italian	4.41052	0	0	0	0	0	0	5.35538	7.2536	0	0	0	0	0	0	0	0	0	0	0	0	0	0	0	2.18018	0	0	0	0	0	0	0	0	0	0	0	0	0	0	0	0	0	0	0	0	0	0	0	0	0	0	1.24836	0	0	0	4.77914	0	1.32131	0	0	0	0	0	0	0	0	0	0	0	1.19889	0	0	0	1.75261	0	0	0	0	0	0	0	0	2.70384	0	0	5.96999	0	0	0	0	0	0	1.09812	0	0	0	0	0	0	0	0	0	0	0	0	0	0	7.33333	0	0	0	1.81758	0	0	0	4.47368	0	0	5.95238	9.87235	0	0	0	0	0	0	0	0	0	0	0	0	0	0	0	1.15942	0	0	0	0	1.11674	2.11985	0	0	5.50355	6.15979	0	0	0	4.32602	0	0	0	0	0	1.28943	0	1.39059	1.28603	0	0	0	1.05878	1.28272	0	0	1.99113	1.19617	0	0	0	0	0	0	1.05882	1.34995	0	0	0	11.43929	2.99675	0	0	0	0	0	0	3.13654	0	0	0	0	0	0	0	0	0	0	0	0	0	0	0	0	0	0	0	0	0	0	0	0	0	0	4.04481	0	0	0	0	0	0	0	0	0	0	0	5.14592	0	2.2142	0	0	0	0	2.29444	0	0	0	0	0	0	0	0	4.82147	0	3.64501	0	0	0	0	0	0	0	0	0	0	0	0	0	0	0	0	0	0	0	0	0	0	0	0	0	1.88462	2.83088	0	10.12674	5.9375	0	0	0	4.11765	0	10.8115	5.78723	0	0	5.5	5.07143	0	0	0	0	0	0	0	0	7.96507	0	6.34917	0	6.76204	2.27857	0	0	0	0	0	0	3.439799453819123
Japanese	3.63198	0	0	0	0	0	0	0	8.8118	0	0	0	0	0	0	0	0	0	0	0	0	0	0	0	4.72073	0	0	0	0	0	0	0	0	0	0	0	0	0	0	0	0	0	0	0	0	0	0	0	0	0	0	1.71263	0	0	0	4.09804	0	1.58502	0	0	0	0	0	0	0	0	0	0	0	0	0	0	0	1.33218	0	0	0	0	0	0	0	0	18.14551	0	0	4.08038	0	0	0	0	0	0	2.2149	0	0	0	0	0	0	0	0	0	0	0	0	0	0	0	0	0	0	1.32703	0	0	0	8.93238	0	0	0	10.7207	0	0	0	0	0	0	0	0	0	0	0	0	0	0	0	1.30864	0	0	0	0	0	0	0	0	3.75592	0	0	0	0	13.89633	0	0	0	0	0	0	0	0	0	0	0	0	1.25195	0	0	0	0	0	0	0	0	0	0	0	0	2.54383	0	0	0	0	1.89292	0	0	0	0	0	0	3.56242	0	0	0	0	0	0	0	0	0	0	0	0	0	0	0	0	0	0	0	0	0	0	0	0	0	0	6.89982	0	0	0	0	0	0	0	0	0	0	0	0	0	1.00575	0	0	0	0	2.86995	0	0	0	0	0	0	0	0	7.17672	0	0	0	0	0	0	0	0	0	0	0	0	0	0	0	0	0	0	0	0	0	0	0	0	0	0	0	0	0	0	0	0	0	0	0	0	0	0	0	0	0	0	0	0	0	0	0	0	0	0	0	2.8675	2.17647	0	0	0	0	0	0	0	0	0	0	3.089242497167809
Khunsari	0	0	0	0	0	0	0	0	2.33333	0	0	0	0	0	0	0	0	0	0	0	0	0	0	0	3.0	0	0	0	0	0	0	0	0	0	0	0	0	0	0	0	0	0	0	0	0	0	0	0	0	0	0	2.0	0	0	0	0	0	4.0	0	0	0	0	0	0	0	0	0	0	0	0	0	0	0	1.0	0	0	0	0	0	0	0	0	1.0	0	0	4.25	0	0	0	0	0	0	1.25	0	0	0	0	1.33333	0	0	0	0	0	0	0	0	0	0	0	0	0	0	0	0	0	0	0	0	0	0	0	0	0	0	0	0	0	0	0	0	0	0	0	0	0	0	0	0	0	0	0	0	0	0	0	0	0	0	0	0	0	0	0	0	0	0	0	0	0	0	0	0	0	1.0	0	0	0	0	0	0	0	0	0	0	0	0	0	0	0	0	5.0	0	0	0	0	0	0	1.125	0	0	0	0	0	0	0	0	0	0	0	0	0	0	0	0	0	0	0	1.16667	0	0	0	0	0	0	2.5	0	0	0	0	0	0	0	0	0	0	0	0	0	2.2	0	0	0	0	2.25	0	0	0	0	0	0	0	0	2.2	0	0	0	0	0	0	0	0	0	0	0	0	0	0	0	0	0	0	0	0	0	0	0	0	0	0	0	0	0	0	0	0	0	0	0	0	0	0	0	0	0	0	0	0	0	0	0	0	0	0	0	1.2	0	0	0	0	0	0	0	0	0	0	0	1.904109589041096
Kazakh	1.89163	0	0	0	0	0	0	1.91579	4.28533	0	0	0	0	0	0	0	0	0	0	0	0	0	0	0	2.58065	0	0	0	0	0	0	0	0	0	0	0	0	0	0	0	0	0	0	0	0	0	0	0	0	0	0	1.37006	0	0	0	3.12791	0	1.10776	0	0	0	0	0	0	0	0	0	0	0	0	0	0	0	1.05618	0	0	0	0	0	0	0	0	3.36181	0	0	2.55372	0	0	0	0	0	1.33333	1.46875	0	0	0	0	1.0	0	0	0	0	0	0	0	0	0	5.22414	0	0	0	1.05319	0	0	0	2.57333	0	0	0	1.01667	0	0	0	0	0	0	0	0	0	0	0	0	0	0	0	1.22477	0	0	0	0	0	0	0	0	2.14815	0	0	0	0	0	0	0	0	0	0	0	0	0	0	0	0	0	0	1.41111	0	0	0	1.41111	0	0	0	0	0	0	0	2.2	0	0	0	0	6.5	0	0	0	0	0	0	1.76127	0	0	0	0	0	0	0	0	0	0	0	0	0	0	0	0	0	0	0	1.57875	0	0	0	0	0	0	3.62822	0	0	0	0	0	0	0	0	0	0	0	0	0	1.17355	0	0	0	0	1.79691	0	0	0	0	0	0	0	0	3.86923	0	0	0	0	0	0	0	0	0	0	0	0	0	0	0	0	0	0	0	0	3.57143	0	0	0	0	0	0	0	3.46154	0	7.25	0	0	0	0	0	0	0	0	0	0	0	0	0	0	0	0	0	0	0	0	1.78053	0	3.8	0	0	1.47059	0	0	0	0	0	0	2.355765674875907
Kurmanji	5.25	0	0	0	0	0	0	0	6.5	0	0	0	0	0	0	0	0	0	0	0	0	0	0	0	3.27221	0	0	0	0	0	0	0	0	0	0	0	0	0	0	0	0	0	0	1.2	0	0	0	0	0	0	0	1.31229	0	0	0	2.73333	0	1.47619	0	0	0	0	0	0	0	0	0	0	0	0	0	0	0	1.43296	0	0	0	0	0	0	0	0	3.07418	0	0	5.16667	0	0	0	0	0	0	1.49606	0	0	0	0	1.50413	0	0	0	0	1.0	0	0	0	0	5.97773	0	0	0	2.43191	0	0	0	4.0	0	0	0	1.2013	0	0	0	0	0	0	0	0	0	0	0	0	0	0	0	1.06132	0	0	0	0	0	0	0	0	5.0	0	0	0	0	12.5	0	0	0	0	0	0	0	0	0	0	0	0	1.02885	1.275	0	0	0	0	0	0	0	0	0	0	0	0	0	0	0	0	4.69061	0	0	0	0	0	0	2.83048	0	0	0	0	0	0	0	0	0	0	0	0	0	0	0	0	0	0	0	1.17566	0	0	0	0	0	0	4.4277	0	0	0	0	0	0	0	0	0	0	0	0	0	1.30769	0	0	0	0	3.07207	0	0	0	0	0	0	0	0	1.27869	0	0	0	0	0	0	0	0	1.08696	0	0	0	0	0	0	0	0	0	0	0	0	0	0	0	0	0	0	0	4.0	0	6.30556	0	0	0	0	0	0	0	0	0	0	0	0	0	0	0	0	0	0	0	0	4.2674	0	0	0	0	1.42105	0	0	0	0	0	0	2.8412051154961193
Korean	1.70647	0	0	0	0	0	0	1.65906	3.40062	0	0	0	0	0	0	0	0	0	0	0	0	0	0	0	3.6163	0	0	0	0	0	0	0	0	0	0	0	0	0	0	0	0	0	0	0	0	0	0	0	0	0	0	1.43616	0	0	0	3.47854	0	1.13591	0	0	0	0	0	0	0	0	0	0	0	0	0	0	0	2.79165	0	0	0	0	0	0	0	0	8.89451	0	0	4.01454	0	0	0	0	0	1.0	1.419	0	0	0	0	1.1039	0	0	0	0	0	0	0	0	0	3.40987	0	0	0	1.87022	0	0	0	1.16734	0	0	1.0	2.19508	0	0	0	0	0	0	0	0	0	0	0	0	0	0	0	1.37407	0	0	0	0	1.83885	0	0	0	4.14583	0	0	0	0	6.05023	0	0	0	0	0	0	0	0	0	0	0	0	1.00125	1.55478	0	0	0	1.36431	0	0	0	0	0	0	1.04444	2.898	0	0	0	0	1.5696	0	0	0	0	0	0	1.78347	0	0	0	0	0	0	0	0	0	0	0	0	0	0	0	0	0	0	0	1.76641	0	0	0	0	0	0	3.20791	0	0	0	0	0	0	0	0	0	0	0	4.56805	0	1.52688	0	0	0	0	1.68136	0	0	0	0	0	0	0	0	2.17282	0	0	0	0	0	0	0	0	0	0	0	0	0	0	0	0	0	0	0	0	0	0	0	0	0	0	0	8.20192	1.75	0	0	0	0	0	0	0	0	0	0	0	0	0	0	0	0	0	0	0	0	0	0	1.17978	0	6.25	0	0	3.50012	0	0	0	0	0	0	2.4809497218533596
Komi-Permyak	1.66667	0	0	0	0	0	0	3.0	3.0	0	0	0	0	0	0	0	3.0	0	2.0	0	0	0	0	3.33333	2.07895	0	0	0	1.0	0	0	0	0	0	0	0	0	3.14286	0	0	0	3.0	0	0	0	0	0	0	1.74074	0	0	1.23529	0	0	0	3.28571	0	1.5	0	0	0	0	1.0	0	0	0	1.5	0	0	0	0	0	0	1.0	0	0	0	0	0	0	0	0	2.5641	0	1.0	4.88889	0	0	0	0	0	0	1.0	0	0	0	0	0	0	0	1.0	0	0	0	0	0	0	6.11538	0	0	0	1.6	0	0	0	2.25	0	0	0	0	0	0	0	0	0	0	0	0	0	0	0	0	0	0	0	1.33333	0	0	0	0	0	0	0	0	1.0	0	0	0	0	4.0	0	0	0	0	0	0	0	0	0	0	0	0	1.0	1.0	0	0	0	1.0	0	0	0	0	0	0	0	0	0	0	0	3.5	2.0	0	0	0	0	0	0	1.14634	0	0	0	0	0	0	0	0	0	0	0	0	0	0	1.0	0	0	0	0	1.5	0	0	0	0	0	0	1.78824	0	0	0	0	0	2.11111	0	0	0	0	0	0	0	1.6	0	0	0	0	1.66667	0	0	0	0	0	0	0	0	2.15385	0	0	0	0	0	0	0	0	0	0	0	0	2.13333	0	0	0	0	0	0	0	0	0	0	0	0	0	0	1.85714	2.25	0	6.66667	0	0	0	0	0	0	0	0	0	0	0	0	0	0	0	0	0	0	0	0	4.06349	0	3.66667	0	0	1.5	0	1.0	0	0	0	0	2.688356141552512
Komi	3.31875	0	0	0	0	0	0	5.76316	4.14508	0	0	0	0	0	0	3.66667	0	3.0	0	0	0	0	0	3.625	1.86106	0	2.66667	0	1.27941	0	0	1.47368	2.1746	0	1.60526	2.0	1.5	2.08955	1.5	0	1.5625	1.76106	0	0	0	0	0	0	2.02069	0	0	1.22384	0	0	0	3.38043	0	1.55235	0	1.33333	0	0	1.0	0	0	2.1875	1.48	0	0	0	1.56	0	1.6	1.05422	0	0	0	0	0	0	0	0	2.78104	0	1.16667	5.81967	0	0	0	0	0	0	1.02941	0	0	0	0	0	0	0	0	0	0	0	0	0	0	5.6806	0	0	0	1.91667	0	0	0	3.80769	0	3.0	0	1.0	0	0	0	0	0	0	0	0	0	0	0	0	0	0	0	1.31138	0	0	0	0	0	0	0	0	3.5	0	0	0	0	6.15385	0	0	0	0	0	0	0	0	0	0	0	0	1.0	1.16667	0	0	1.75	1.13333	1.0	0	0	0	0	0	1.0	0	0	0	0	5.44444	3.25676	0	0	0	0	0	0	1.41429	0	1.4	0	0	0	0	0	0	2.2	0	0	0	0	1.0	1.2069	0	1.04545	0	0	1.64286	0	1.0	0	0	1.0	0	2.34648	0	0	0	0	0	2.57143	0	0	0	0	0	0	0	1.21495	0	0	0	0	1.99734	0	0	0	0	0	0	0	0	2.39978	0	1.0	0	0	4.0	0	0	0	0	0	0	8.0	2.44106	6.5	2.125	0	2.0	0	0	0	0	0	0	0	0	0	0	3.37288	1.70588	0	4.9875	0	0	0	0	0	0	0	0	0	0	0	0	0	0	0	0	0	0	0	0	4.40526	2.92857	3.4	0	0	1.67669	0	0	0	0	0	0	2.7690875197304243
Karelian	4.5	0	0	0	0	0	0	4.7037	4.16667	0	0	0	0	0	0	0	0	0	0	0	0	0	0	0	1.93103	0	0	0	0	0	0	0	0	0	0	0	0	0	0	0	0	0	0	0	0	0	0	0	0	0	0	1.12739	0	0	0	2.26316	0	1.27119	0	0	0	0	0	0	0	0	0	0	0	1.0	0	0	0	1.52273	0	0	0	0	0	0	0	0	1.07051	0	0	4.96	0	0	0	0	0	0	1.5625	0	0	0	0	0	0	0	1.0	0	0	0	0	0	0	6.10985	0	0	0	1.96226	0	0	1.6	0	0	0	0	0	0	0	0	0	0	0	0	0	0	0	0	0	0	0	0	1.18919	0	0	0	0	0	0	0	0	6.0	0	0	0	0	0	0	0	0	0	0	0	0	0	0	0	0	0	1.0	1.84091	0	0	0	1.63415	0	0	0	0	0	0	1.0	0	0	0	0	0	2.95349	0	0	0	0	0	0	1.55159	0	0	0	0	0	0	0	0	0	0	0	0	1.2	0	0	0	0	0	0	1.4619	0	0	0	0	0	0	2.05833	0	0	0	0	0	3.72973	0	0	0	0	0	0	0	1.02941	0	0	0	0	2.28378	0	0	0	0	0	0	0	0	2.97872	0	0	0	0	0	0	0	0	0	0	0	0	0	0	0	0	0	0	0	0	0	0	0	0	0	0	0	0	1.5	0	5.61905	0	0	0	0	0	0	0	0	0	0	0	0	0	0	0	0	0	0	0	0	4.471	0	12.0	0	0	1.33333	0	1.5	0	0	0	0	2.8200299092331766
Latin	4.68356	0	0	0	0	0	0	5.87422	6.93329	7.03268	0	0	6.39608	0	0	0	0	0	0	3.77741	0	0	0	0	3.13529	0	0	0	0	0	0	2.13021	0	0	0	0	0	0	0	0	0	0	0	1.93573	0	0	0	0	0	0	0	1.32852	0	0	0	2.12551	0	1.1877	0	0	0	0	0	0	0	0	0	0	0	1.18657	0	0	0	1.27028	0	0	0	0	0	0	0	0	3.45034	0	0	4.98741	0	0	0	0	0	0	1.48235	0	0	0	0	0	0	0	0	0	0	0	0	0	0	6.92178	6.64808	0	0	1.51817	0	0	0	6.12619	13.0	0	6.84752	2.64583	0	0	0	0	0	0	0	0	0	0	0	0	0	0	0	1.26571	0	0	0	0	0	0	0	0	3.80377	0	0	0	0	16.78032	0	55.0	13.51765	20.55043	0	1.14706	0	0	1.14706	0	0	0	1.23037	1.74149	0	0	3.75402	1.38704	0	0	0	0	0	0	0	1.85851	0	0	0	0	4.07674	0	0	0	0	0	0	1.87065	0	0	0	0	0	0	0	0	0	0	0	0	0	0	0	0	0	0	0	1.0	0	0	0	0	0	0	3.403	0	0	0	0	1.0	0	0	0	0	0	0	2.95619	0	1.21352	0	0	0	0	2.50984	0	0	0	0	0	0	0	0	3.76237	0	2.5112	0	2.81281	0	0	2.81081	0	0	0	0	0	0	0	0	0	0	0	0	0	0	0	0	0	0	0	0	0	2.80371	16.2	9.61712	0	0	0	0	0	0	0	0	0	0	0	0	0	0	8.63721	0	0	0	0	0	6.83265	13.32394	3.70245	0	0	2.26865	0	0	0	2.04559	0	0	3.673783764819596
Lithuanian	3.06539	0	0	0	0	0	0	5.305	6.58304	0	0	0	0	0	0	0	0	0	0	0	0	0	0	0	2.04137	0	0	0	0	0	0	1.99804	0	0	0	0	0	0	0	0	0	0	0	0	0	0	0	0	0	0	0	1.75795	0	0	0	4.10833	0	1.42857	0	0	0	0	0	0	0	0	0	0	0	1.0	0	0	0	2.32668	0	0	0	0	0	0	0	0	2.43259	0	0	6.66145	0	0	0	0	0	0	1.44444	0	0	0	0	0	0	0	0	0	0	0	0	0	0	6.54631	0	0	0	1.71974	0	0	0	4.05696	0	0	2.16667	3.27184	0	0	0	0	0	0	0	0	0	0	0	0	0	0	0	1.49248	0	0	0	0	0	0	0	0	3.625	0	0	0	0	13.0	0	0	0	0	0	0	0	0	0	0	0	0	1.13793	3.1682	0	0	1.41935	0	0	0	0	0	0	0	0	2.07447	0	0	0	2.0	3.77219	0	0	0	0	0	0	1.73063	0	0	0	0	0	0	0	0	0	0	0	0	0	0	0	0	0	0	0	0	0	0	0	0	0	0	3.40505	0	0	0	0	0	0	0	0	0	0	0	3.537	0	2.67981	0	0	0	1.42857	2.80882	0	0	0	0	0	0	0	0	2.92696	0	2.42857	0	2.76583	0	0	0	0	0	0	0	0	0	0	0	0	0	0	0	0	0	0	0	0	0	0	0	0	7.7	0	7.7071	0	0	0	0	0	0	0	0	0	0	0	0	0	0	0	0	0	0	0	0	5.92015	0	1.5	0	0	1.83308	0	0	0	0	0	0	3.5238633024123445
Latvian	4.41268	0	0	0	0	0	0	0	7.09835	0	0	0	0	0	0	0	0	0	0	0	0	0	0	0	2.01191	0	0	0	0	0	0	0	0	0	0	0	0	0	0	0	0	0	0	0	0	0	0	0	0	0	0	1.39076	0	0	0	4.2288	0	1.157	0	0	0	0	0	0	0	0	0	0	0	1.11549	0	0	0	1.84983	0	0	0	0	0	0	0	0	2.4579	0	0	4.87278	0	0	0	0	0	0	1.07377	0	0	0	0	0	0	0	0	0	0	0	0	0	0	6.78099	0	0	0	1.80507	0	0	0	4.06846	0	0	5.78431	3.40036	0	0	0	0	0	0	0	0	0	0	0	0	0	0	0	1.37863	0	0	0	0	0	0	0	0	2.626	0	0	0	0	6.33333	0	0	0	0	0	0	0	0	0	0	0	0	1.0046	1.30187	0	0	3.49565	1.17566	0	0	0	0	0	0	1.0	2.71264	0	0	0	0	3.63478	0	0	0	0	0	0	1.56287	0	0	0	0	0	0	0	0	0	0	0	0	0	0	0	0	0	0	0	0	0	0	0	0	0	0	2.44262	0	0	0	0	0	0	0	0	0	0	0	2.75143	0	1.47545	0	0	0	0	2.13143	0	0	0	0	0	0	0	0	2.76662	0	0	0	0	0	0	0	0	0	0	0	0	0	0	0	0	0	0	0	0	0	0	0	0	0	0	0	0	3.40632	0	8.83592	0	0	0	0	0	0	0	0	0	0	0	0	0	0	0	0	0	0	0	0	5.90141	4.125	3.75281	0	0	1.69833	0	0	0	0	0	0	3.265577575735118
ClassicalChinese	2.93094	0	0	0	0	0	0	0	2.98453	0	0	0	0	0	0	0	0	0	0	0	0	0	0	0	1.48656	0	0	0	0	0	0	0	0	0	0	0	0	0	0	0	0	0	0	0	0	0	0	0	0	0	0	1.2658	0	0	0	0	0	1.40344	0	0	0	0	0	0	0	0	0	0	0	0	0	0	0	1.39295	0	0	0	0	0	0	0	0	1.45756	0	0	2.39416	0	0	0	0	0	1.07002	1.00499	0	0	0	0	0	0	0	0	0	1.0	0	0	0	0	2.96131	0	0	0	2.04385	0	0	0	2.88592	0	0	3.0	0	0	0	0	0	0	0	0	0	0	0	0	0	0	0	0	1.14757	0	0	0	0	0	0	0	0	2.20714	0	0	0	2.1739	3.50556	0	0	0	0	0	1.15823	0	0	0	0	0	0	1.15669	1.1194	0	0	0	0	0	0	0	0	0	1.00158	0	1.13097	0	0	0	3.27826	1.60333	0	0	0	0	0	0	1.39299	0	0	0	0	0	0	0	0	0	0	0	0	0	0	0	0	0	0	0	0	0	0	0	0	0	0	1.97755	0	0	0	0	0	0	0	0	0	0	0	2.2	0	1.25927	0	0	0	0	1.56273	0	0	0	0	0	0	0	0	2.29434	0	0	0	0	0	0	0	0	0	0	0	0	2.3705	0	0	0	0	0	0	0	0	0	0	0	0	0	0	2.38429	1.0	0	2.39095	0	0	0	0	0	0	0	0	0	0	0	0	0	0	0	0	0	0	0	0	0	0	2.51282	0	0	2.81657	0	0	0	0	0	0	1.7707410495365987
Moksha	3.36364	0	0	0	0	0	0	4.71429	2.93617	0	2.0	0	0	0	0	0	0	0	0	0	0	0	0	3.41667	1.72222	0	3.25	0	1.12727	0	0	0	2.28571	0	1.75	2.28571	2.6	1.8	0	0	1.5	1.70588	0	0	0	0	0	0	1.90909	0	0	1.14607	0	0	0	2.0	0	1.19178	0	0	0	0	0	0	0	1.75	1.06897	2.33333	0	0	0	0	0	1.01408	0	0	0	0	0	0	0	0	2.01961	0	1.5	3.66667	0	0	0	0	0	0	1.0	0	0	0	0	0	0	0	0	0	0	0	0	0	0	5.02976	0	0	0	1.66667	0	0	0	3.83333	0	6.0	0	0	0	0	0	0	0	0	0	0	0	0	0	0	0	0	0	1.125	0	0	0	0	0	0	0	0	3.4	0	0	0	0	1.5	0	0	0	0	0	4.0	0	0	0	0	0	0	1.0	1.0	0	0	0	1.0	0	0	0	0	0	0	0	0	0	0	0	6.66667	1.875	0	0	0	0	0	0	1.30114	0	1.0	0	0	0	0	3.0	0	1.375	0	0	0	0	0	1.0	0	0	0	0	1.16667	0	0	0	0	0	1.0	1.88927	0	0	0	0	0	1.95745	0	0	0	0	0	2.5	0	1.0	0	0	0	0	1.54264	0	0	0	0	0	0	0	0	1.76471	0	1.875	0	0	2.57143	0	0	1.25	0	2.66667	1.4	1.35	1.78947	1.60606	1.78873	0	0	0	0	0	0	0	0	0	0	0	0	2.13636	2.0	0	4.93333	0	0	0	0	0	0	0	0	0	0	0	0	0	0	0	0	0	0	0	0	4.18574	0	3.0	0	0	2.0	0	0	0	0	0	0	2.3203050047664444
Makuráp	0	0	0	0	0	0	0	0	1.0	0	0	0	0	0	0	0	0	0	0	0	0	0	0	0	1.4	0	0	0	0	0	0	0	0	0	0	0	0	0	0	0	0	0	0	0	0	0	0	0	0	0	0	0	0	0	0	0	0	1.0	0	0	0	0	0	0	0	0	0	0	0	0	0	0	0	1.0	0	0	0	0	0	0	0	0	2.0	0	0	0	0	0	0	0	0	0	0	0	0	0	0	0	0	0	0	0	0	0	0	0	0	1.33333	0	0	0	0	0	0	0	0	0	0	0	1.64706	0	0	0	0	0	0	0	0	0	0	0	0	0	0	0	0	0	0	0	0	0	0	0	0	1.69231	0	0	0	0	0	0	0	0	0	0	0	0	0	0	0	0	0	0	0	0	0	0	0	0	0	0	0	0	0	0	0	0	0	0	0	0	0	0	0	0	0	0	1.42857	0	0	0	0	0	0	0	0	0	0	0	0	0	0	0	0	0	0	0	0	0	0	0	0	0	0	2.0	0	0	0	0	0	0	0	0	0	0	0	0	0	0	0	0	0	0	1.75	0	0	0	0	0	0	0	0	1.5	0	0	0	0	0	0	0	0	0	0	0	0	0	0	0	0	0	0	0	0	0	0	0	0	0	0	0	0	0	0	1.92857	0	0	0	0	0	0	0	0	0	0	0	0	0	0	0	0	0	0	0	0	1.0	0	0	0	0	1.0	0	0	0	0	0	0	1.5913044347826084
Marathi	1.85714	0	0	0	0	0	0	1.0	3.0	0	0	0	0	0	0	0	0	0	0	0	0	0	0	0	2.0979	0	0	0	0	0	0	0	0	0	0	0	0	0	0	0	0	0	0	0	0	0	0	0	0	0	0	1.34091	0	0	0	2.33333	0	1.11565	0	0	0	0	0	0	0	0	0	0	0	1.0	0	0	0	1.03618	0	0	0	0	0	0	0	0	3.32308	0	0	4.41667	0	0	0	0	0	0	1.07143	0	0	0	0	1.06667	0	0	0	0	1.0	0	1.0625	0	0	5.07368	0	0	0	1.37879	0	0	1.25	3.0	0	0	0	0	0	0	0	0	0	0	0	0	0	0	0	0	0	0	0	1.36283	0	0	0	0	0	0	0	0	1.66667	0	0	0	0	2.25	0	0	0	0	0	0	0	0	0	0	0	0	1.25	1.5	0	0	0	0	0	0	0	0	0	0	1.0	2.26667	0	0	0	0	3.42857	0	0	0	0	0	0	2.21739	0	0	0	0	0	0	0	0	0	0	0	0	0	0	0	0	0	0	0	2.20513	0	0	0	0	0	0	2.39715	0	0	0	0	0	0	0	0	0	0	0	1.14286	0	1.15625	0	0	0	0	1.52	0	0	0	0	0	0	0	0	2.44318	0	0	0	0	0	0	0	0	0	0	0	0	0	0	0	0	0	0	0	0	0	0	0	0	0	0	0	0	2.0	0	5.97333	0	0	0	0	0	0	0	0	0	0	0	0	0	0	0	0	0	0	0	0	2.08568	0	3.55172	0	0	1.85	0	0	0	0	0	0	2.115934708791209
Maltese	3.71602	0	0	0	0	0	0	0	7.70261	0	0	0	0	0	0	0	0	0	0	0	0	0	0	0	1.9941	0	0	0	0	0	0	0	0	0	0	0	0	0	0	0	0	0	0	1.34737	0	0	0	0	0	0	0	1.16578	0	0	0	4.46154	0	1.26383	0	0	0	0	0	0	0	0	1.81818	0	1.16384	1.01163	0	0	0	1.27122	0	0	0	1.06644	0	0	0	0	2.61231	0	0	6.11859	0	0	0	0	0	0	1.36744	0	0	0	0	0	0	0	0	0	0	0	0	0	0	6.98451	0	0	0	1.47112	2.33333	0	0	5.3913	0	0	0	2.25	0	0	0	0	0	0	0	0	0	0	0	0	0	0	0	1.18283	0	0	0	0	0	0	0	0	2.33974	0	0	0	0	7.6	0	0	0	0	0	1.08333	0	0	0	0	0	0	1.0	1.58436	0	0	0	1.53119	0	0	0	0	0	0	1.0	3.42857	0	0	0	5.4958	2.94853	0	0	0	0	0	0	2.45467	0	0	0	0	0	0	0	0	0	0	0	0	0	0	0	0	0	0	0	2.19391	0	0	0	0	0	0	3.02707	0	0	0	0	0	0	0	0	0	0	0	2.96279	0	1.18651	0	0	0	0	1.9199	0	0	0	0	0	0	0	0	3.61164	0	2.63	0	2.44186	0	0	0	0	0	0	0	0	0	0	0	0	0	0	0	0	0	0	0	0	0	0	0	0	1.5	0	10.50811	0	0	0	0	0	0	0	0	0	0	0	0	0	0	0	0	0	0	0	0	9.4354	3.0	4.57143	0	0	1.7469	0	0	0	0	0	0	3.1320910938400726
Mundurukú	0	0	0	0	0	0	0	0	2.88235	0	0	0	0	0	0	0	0	0	0	0	0	0	0	0	1.58824	0	0	0	0	0	0	0	0	0	0	0	0	0	0	0	0	0	0	0	0	0	0	0	0	0	0	1.33333	0	0	0	3.83333	0	1.5	0	0	0	0	0	0	0	0	0	0	0	0	0	0	0	1.19718	0	0	0	0	0	0	0	0	1.0	0	0	1.66667	0	0	0	0	0	1.0	0	0	0	0	0	0	0	0	0	0	0	0	0	0	0	4.5	0	0	0	1.0	0	0	0	0	0	0	0	2.11111	0	0	0	0	0	0	0	0	0	0	0	0	0	0	0	0	0	0	0	0	0	0	0	0	1.25	0	0	0	0	0	0	0	0	0	0	0	0	0	0	0	0	0	0	1.0	0	0	0	0	0	0	0	0	0	0	0	0	0	0	0	0	1.375	0	0	0	0	0	0	1.42105	0	0	0	0	0	0	0	0	0	0	0	0	0	0	0	0	0	0	0	0	0	0	0	0	0	0	1.69444	0	0	0	0	0	0	0	0	0	0	0	0	0	1.0	0	0	0	0	1.2	0	0	0	0	0	0	0	0	1.54701	0	0	0	0	0	0	0	0	0	0	0	0	0	0	0	0	0	0	0	0	0	0	0	0	0	0	0	0	0	0	1.0	0	0	0	0	0	0	0	0	0	0	0	0	0	0	0	0	0	0	0	0	1.75862	0	0	0	0	2.0	0	0	0	0	0	0	1.5911321674876848
Erzya	2.57592	0	0	0	0	0	0	4.76271	3.25688	0	0	0	0	0	0	0	0	0	0	0	0	0	0	3.45455	1.97455	0	2.0	1.0	1.05747	0	0	0	3.41176	0	2.28947	0	3.25	2.20588	1.33333	0	1.66667	1.58333	0	0	0	0	0	0	2.17266	0	0	1.22967	0	0	0	4.05714	0	1.12848	0	0	0	0	1.875	0	2.6	0	1.05	2.25	0	0	0	1.16667	0	1.0721	0	0	0	0	0	0	0	0	1.96839	0	1.875	4.50943	0	0	0	0	0	0	1.14865	0	0	0	0	0	0	0	1.33333	0	1.0	0	0	0	0	6.31493	0	0	0	1.62353	0	0	0	3.19048	0	1.0	0	3.0	0	0	0	0	0	0	0	0	0	0	0	0	0	0	0	1.27036	0	0	0	0	0	0	0	0	2.57627	0	0	0	0	2.1	0	0	0	0	0	3.0	0	0	0	0	0	0	1.23864	1.72222	0	0	0	1.1	0	0	0	0	0	0	0	0	0	0	0	0	2.51613	0	0	0	0	0	0	1.31199	0	0	0	0	0	0	0	0	1.075	0	0	1.66667	1.83333	0	1.0	0	0	0	0	1.26471	0	0	0	0	0	0	2.08015	0	0	0	0	0	2.0	0	0	0	0	0	0	0	1.168	0	0	0	0	1.85096	0	0	0	0	0	0	0	0	2.04452	0	1.82143	0	0	4.0	0	0	0	0	0	1.81429	2.03571	2.0625	2.22581	2.57746	0	0	0	0	0	0	0	0	0	0	0	0	2.35593	2.17241	0	5.57895	0	0	0	0	0	0	0	0	0	0	0	0	0	0	0	0	0	0	0	0	3.95758	2.0	4.14925	0	0	2.0303	0	2.3125	0	0	0	0	2.7095008137181193
LowGerman	8.07143	0	0	0	0	0	0	0	9.6	0	0	0	0	0	0	0	0	0	0	0	0	0	0	0	2.70588	0	0	0	0	0	0	0	0	0	0	0	0	0	0	0	0	0	0	0	0	0	0	0	0	0	0	1.12121	0	0	0	2.0	0	3.78947	0	0	0	0	0	0	0	0	0	0	0	0	0	0	0	2.0	0	0	0	0	0	0	0	0	3.70213	0	0	10.625	0	0	0	0	0	0	3.18182	0	0	0	0	0	0	0	0	0	0	0	0	0	0	9.84	0	0	0	1.95	0	0	0	23.0	0	0	0	0	0	0	0	0	0	0	0	0	0	0	0	0	0	0	0	1.26496	0	0	0	0	0	0	0	0	3.0	0	0	0	0	8.66667	0	0	0	0	0	3.71429	0	0	0	0	0	0	1.0	1.0	0	0	0	0	0	0	0	0	0	0	0	2.61538	0	0	0	0	6.68571	0	0	0	0	0	0	1.75	0	0	0	0	0	0	0	0	0	0	0	0	0	0	0	0	0	0	0	0	0	0	0	0	0	0	3.40517	0	0	0	0	0	0	0	0	0	0	0	0	0	1.0	0	0	0	0	2.78261	0	0	0	0	0	0	0	0	3.05556	0	0	0	0	0	0	0	0	0	0	0	0	0	0	0	0	0	0	0	0	0	0	0	0	0	0	0	0	0	0	10.0	0	0	0	0	0	0	0	0	0	0	0	0	0	0	0	0	0	0	0	0	9.13376	0	0	0	0	3.36364	0	0	0	0	0	0	4.487108931860037
Dutch	7.23731	0	0	0	0	0	0	8.58027	8.11501	0	0	0	0	0	0	0	0	0	0	0	0	0	0	0	2.97966	0	0	0	0	0	0	0	0	0	0	0	0	0	0	0	0	0	0	0	0	0	0	0	0	0	0	1.28782	0	0	0	2.22903	0	3.69686	0	0	0	0	0	0	0	0	0	0	0	3.22859	0	0	0	1.98594	0	0	0	0	0	0	0	0	2.60197	0	0	7.6399	0	0	0	0	0	0	3.62226	0	0	0	0	0	0	0	3.62226	0	0	0	0	0	0	6.73588	0	0	0	2.53412	0	0	0	8.51935	0	0	0	0	0	0	0	0	0	0	0	0	0	0	0	0	0	0	0	1.39075	0	0	0	0	0	0	0	0	0	0	0	0	0	0	0	0	0	0	0	3.6308	0	0	0	0	3.14286	0	1.645	1.49438	0	0	0	0	0	0	0	0	0	0	0	3.59024	0	0	0	0	4.26436	0	0	0	0	0	0	2.95552	0	0	0	0	0	0	0	0	0	0	0	0	0	0	0	0	0	0	0	1.33055	0	0	0	0	0	0	4.04374	0	0	0	0	0	0	0	0	0	0	0	5.3408	0	1.50896	0	0	0	0	3.49597	0	0	0	0	0	0	0	0	4.52345	0	3.80512	0	0	0	0	0	0	0	0	0	0	0	0	0	0	0	0	0	0	0	0	0	0	0	0	0	0	3.26829	0	6.4219	0	0	0	0	0	0	0	0	0	0	0	0	0	0	0	0	0	0	0	0	6.70764	0	0	0	0	3.44471	0	0	0	0	0	0	3.5694914339527286
Norwegian	3.90105	0	0	3.72692	0	0	0	3.54122	6.69563	0	0	0	0	0	0	0	0	0	0	0	0	0	0	0	1.95626	0	0	0	0	0	0	0	0	0	0	0	0	0	0	0	0	0	0	0	0	0	0	0	0	0	0	1.23455	0	0	0	4.70448	0	1.7921	0	0	0	0	0	0	0	0	0	0	0	1.51151	0	0	0	1.56679	0	0	0	0	0	0	0	0	2.53166	0	0	5.68942	0	0	0	0	0	0	1.65342	0	0	0	0	0	0	0	1.6487	0	0	0	0	0	0	6.19877	0	0	0	2.2962	0	0	0	4.9607	0	0	5.45455	0	0	0	0	0	0	0	0	0	0	0	0	0	0	0	0	1.58608	0	0	0	0	0	0	0	0	3.09878	0	1.90547	0	0	0	0	0	0	0	0	2.0459	0	0	0	0	0	0	0	2.07979	0	0	7.82025	1.43023	0	0	0	0	0	0	0	1.56189	0	0	0	0	2.84076	0	0	0	0	0	0	2.31521	0	0	0	0	0	0	0	0	0	0	0	0	0	0	0	0	0	0	0	0	0	0	0	0	0	0	2.4526	0	0	0	0	0	0	0	0	0	0	0	3.2058	0	1.26267	0	0	0	0	2.01315	0	0	0	0	0	0	0	0	3.76537	0	0	0	0	0	0	0	0	0	0	0	0	0	0	0	0	0	0	0	0	0	0	0	0	0	0	0	0	2.30435	0	10.31172	0	0	0	5.04439	0	0	0	0	0	0	0	0	0	0	0	0	0	0	0	0	7.24941	3.36968	0	0	0	3.04544	0	0	0	0	0	0	3.1744895201959684
Nayini	0	0	0	0	0	0	0	0	3.0	0	0	0	0	0	0	0	0	0	0	0	0	0	0	0	3.66667	0	0	0	0	0	0	0	0	0	0	0	0	0	0	0	0	0	0	0	0	0	0	0	0	0	0	2.0	0	0	0	0	0	3.0	0	0	0	0	0	0	0	0	0	0	0	0	0	0	0	1.125	0	0	0	0	0	0	0	0	1.0	0	0	4.25	0	0	0	0	0	0	1.33333	0	0	0	0	1.5	0	0	0	0	0	0	0	0	0	0	0	0	0	0	0	0	0	0	0	0	0	0	0	0	0	0	0	0	0	0	0	0	0	0	0	0	0	0	0	0	0	0	0	0	0	0	0	0	0	0	0	0	0	0	0	0	0	0	0	0	0	0	0	0	0	1.0	0	0	0	0	0	0	0	0	0	0	0	0	0	0	0	0	5.0	0	0	0	0	0	0	1.11111	0	0	0	0	0	0	0	0	0	0	0	0	0	0	0	0	0	0	0	1.16667	0	0	0	0	0	0	2.55556	0	0	0	0	0	0	0	0	0	0	0	0	0	2.2	0	0	0	0	2.5	0	0	0	0	0	0	0	0	2.6	0	0	0	0	0	0	0	0	0	0	0	0	0	0	0	0	0	0	0	0	0	0	0	0	0	0	0	0	0	0	0	0	0	0	0	0	0	0	0	0	0	0	0	0	0	0	0	0	0	0	0	1.0	0	0	0	0	0	0	0	0	0	0	0	1.9605269736842104
Livvi	5.0	0	0	0	0	0	0	5.16667	4.21053	0	0	0	0	0	0	0	0	0	0	0	0	0	0	0	2.03093	0	0	0	0	0	0	0	0	0	0	0	0	0	0	0	0	0	0	0	0	0	0	0	0	0	0	1.18519	0	0	0	3.625	0	1.2	0	0	0	0	0	0	0	0	0	0	0	0	0	0	0	1.23077	0	0	0	0	0	0	0	0	1.07042	0	0	2.91667	0	0	0	0	0	0	1.2	0	0	0	0	0	1.0	0	0	0	0	0	0	0	0	4.5339	0	0	0	1.55882	0	0	2.33333	2.0	0	2.0	0	0	0	0	0	0	0	0	0	0	0	0	0	0	0	0	0	1.0	0	0	0	0	0	0	0	0	3.0	0	0	0	0	0	0	0	0	0	0	0	0	0	0	0	0	0	1.0	1.0	0	0	0	1.0	0	0	0	0	0	0	2.0	0	0	0	0	0	3.0	0	0	0	0	0	0	1.28	0	0	0	0	0	0	0	0	0	0	0	0	0	0	0	0	0	0	0	1.26136	0	0	0	0	0	0	1.97241	0	0	0	0	0	2.5	0	0	0	0	0	0	0	1.05556	0	0	0	0	2.07143	0	0	0	0	0	0	0	0	2.21192	0	0	0	0	0	0	0	0	0	0	0	0	0	0	0	0	0	0	0	0	0	0	0	0	0	0	0	0	1.13333	0	5.57447	0	0	0	0	0	0	0	0	0	0	0	0	0	0	0	0	0	0	0	0	3.76353	0	3.0	0	0	1.41176	0	1.5	0	0	0	0	2.5435828753026635
OldEastSlavic	4.2829	0	0	0	0	0	0	7.5	5.34011	0	0	0	0	0	0	0	0	0	0	0	0	0	0	0	2.1048	0	0	0	0	0	0	0	0	0	0	0	0	0	0	0	0	0	0	0	0	0	0	0	0	0	0	1.24881	0	0	0	2.23225	0	1.86681	0	0	0	0	0	0	0	0	0	0	0	1.25	0	0	0	1.26267	0	0	0	0	0	0	0	0	3.15932	0	0	4.50066	0	0	0	0	0	0	1.22222	0	0	0	0	0	0	0	0	0	0	0	0	0	0	6.98203	0	0	0	1.68205	0	0	0	3.17073	0	0	4.66667	1.67114	0	0	0	0	0	0	0	0	0	0	0	0	0	0	0	1.32123	0	0	0	0	0	0	0	0	3.25659	0	0	0	0	6.63944	0	0	0	0	0	1.06156	0	0	0	0	2.0	0	1.09091	1.22819	0	0	0	1.26214	0	0	0	0	0	0	1.0	2.10319	0	0	0	0	2.94883	0	0	0	0	0	0	1.8359	0	0	0	0	0	0	0	0	0	0	0	0	0	0	0	0	0	0	0	0	0	0	0	0	0	0	2.53019	0	0	0	0	0	0	0	0	0	0	0	2.74041	0	1.18298	0	0	0	1.50265	1.86577	0	0	0	0	0	0	0	0	3.43693	0	2.42692	0	0	0	0	0	0	0	0	0	0	0	0	0	0	0	0	0	0	0	0	0	0	0	0	0	0	3.08931	0	5.46667	0	0	0	0	0	0	0	0	0	0	0	0	0	0	0	0	0	0	0	0	7.43697	0	4.87491	0	0	2.44884	0	0	0	0	0	0	2.857733822851899
OldTurkish	0	0	0	0	0	0	0	0	6.875	0	0	0	0	0	0	0	0	0	0	0	0	0	0	0	1.8	0	0	0	0	0	0	0	0	0	0	0	0	0	0	0	0	0	0	0	0	0	0	0	0	0	0	1.2	0	0	0	4.0	0	1.25	0	0	0	0	0	0	0	0	0	0	0	0	0	0	0	2.0	0	0	0	0	0	0	0	0	2.0	0	0	0	0	0	0	0	0	0	1.28571	0	0	0	0	0	0	0	0	0	0	0	0	0	0	3.91667	0	0	0	1.4	0	0	0	0	0	0	0	0	0	0	0	0	0	0	0	0	0	0	0	0	0	0	0	0	0	0	0	0	0	0	0	0	0	0	0	0	0	0	0	0	0	0	0	0	0	0	0	0	0	0	0	0	0	0	0	0	0	0	0	0	0	0	0	0	0	0	0	0	1.0	0	0	0	0	0	0	2.0	0	0	0	0	0	0	0	0	0	0	0	0	0	0	0	0	0	0	0	0	0	0	0	0	0	0	4.52941	0	0	0	0	0	0	0	0	0	0	0	0	0	1.25	0	0	0	0	2.625	0	0	0	0	0	0	0	0	4.5	0	0	0	0	0	0	0	0	0	0	0	0	0	0	0	0	0	0	0	0	0	0	0	0	0	0	0	0	0	0	2.0	0	0	0	0	0	0	0	0	0	0	0	0	0	0	0	0	0	0	0	0	2.60976	0	5.0	0	0	5.83333	0	0	0	0	0	0	2.9014792118226604
Naija	3.78155	0	0	0	0	0	0	3.74725	7.02285	0	0	3.92974	0	0	0	0	0	0	0	0	0	0	0	0	2.24211	0	0	0	0	0	0	0	0	0	0	0	0	0	0	0	0	0	0	0	0	0	0	0	0	0	0	1.29292	0	0	0	3.96396	0	1.3557	0	0	0	0	0	0	0	0	0	0	0	0	0	0	0	1.79826	0	0	0	0	0	0	0	0	3.07611	0	0	7.06547	0	0	0	0	0	0	1.71491	0	0	0	0	0	0	0	1.29235	0	2.16464	0	2.08047	0	0	7.4846	0	0	0	2.1954	0	0	0	4.39726	0	0	0	5.52893	0	0	0	0	0	0	0	0	0	0	0	0	0	0	0	1.35742	0	0	0	0	0	0	0	0	5.96054	0	0	0	0	8.75707	0	0	0	0	0	2.36823	0	0	0	0	0	2.36823	1.19824	1.38365	0	0	1.05263	0	0	0	0	0	0	0	0	1.95359	0	0	0	0	3.79835	0	0	0	0	0	0	1.77799	0	0	0	0	0	0	0	0	0	0	0	0	0	0	0	0	0	0	0	1.25516	0	0	0	0	0	0	2.08128	0	0	0	0	0	0	0	0	0	0	0	0	0	1.70991	0	0	0	0	1.65087	0	0	0	0	0	1.56637	0	0	4.8084	0	4.81818	0	3.78408	0	0	0	0	0	0	0	0	0	0	0	0	0	6.1501	0	0	0	0	0	0	0	0	0	0	2.5	0	6.4545	0	6.50776	0	0	8.56	11.11111	0	0	0	0	0	0	5.84921	0	0	0	0	0	0	0	0	4.38885	5.30556	0	0	1.79375	0	0	0	0	0	0	3.719614229107277
Polish	3.08959	0	0	0	0	0	0	5.1322	6.78116	0	0	0	5.5266	0	0	0	0	0	0	0	9.72152	0	0	0	1.71473	1.74713	0	0	0	0	0	1.69961	0	0	0	0	0	0	0	0	0	0	0	1.04017	0	0	0	0	0	0	0	1.15515	0	0	1.02776	2.17656	0	1.30742	0	0	0	1.13387	1.28283	0	2.48485	0	0	0	0	1.39103	0	0	0	1.35545	0	0	0	0	0	0	0	0	2.15396	0	1.97554	5.89097	6.3431	6.36296	0	0	0	0	0	0	0	0	0	0	0	0	0	0	0	0	0	0	0	5.86519	0	0	0	1.86949	0	1.92788	0	6.39548	0	0	5.4	3.0	0	0	0	0	0	0	0	0	0	0	0	0	0	0	0	1.21579	0	0	1.3911	1.19487	1.18573	0	0	0	3.28378	7.625	0	3.02041	0	0	0	0	0	0	0	1.18651	0	1.29452	0	0	1.18484	0	1.09011	1.19881	0	0	1.0	0	0	0	0	0	0	0	0	1.89731	0	0	0	7.09191	2.94659	0	0	0	0	0	0	2.00262	0	0	1.60167	0	0	0	0	0	0	1.16243	0	0	0	0	0	0	0	0	0	1.19759	1.21429	0	0	0	0	0	2.65297	0	0	0	0	0	0	0	0	0	0	0	3.92449	0	1.28883	0	0	1.0	1.32924	1.83117	0	0	0	0	0	0	0	0	3.08083	0	2.66209	0	2.88014	0	0	3.76789	0	0	0	0	0	0	0	0	0	0	0	0	1.25	0	0	0	0	0	0	0	0	3.64286	0	5.97358	0	0	0	0	0	0	0	4.17502	0	0	0	7.90753	0	0	0	0	0	0	0	0	5.388	0	3.58723	0	0	2.05269	3.92857	0	2.14286	2.26809	0	3.12821	2.822621270489777
Portuguese	4.98696	0	0	0	0	3.09836	0	5.41482	9.41109	0	0	0	0	0	0	0	0	0	0	0	0	0	0	0	2.46916	0	0	0	0	0	0	0	0	0	0	0	0	0	0	0	0	0	0	0	0	0	0	0	0	0	0	1.26436	0	0	0	3.70731	0	1.31936	0	0	0	0	0	0	0	0	0	0	0	1.11145	0	0	0	1.74459	0	0	0	0	0	0	0	0	2.4571	0	1.875	8.94339	0	0	0	0	0	0	1.29676	0	0	0	0	0	0	0	0	0	0	0	0	0	0	7.87255	0	0	0	1.95533	0	0	0	5.45183	0	0	6.30769	3.90747	0	0	0	0	0	0	0	0	0	0	0	0	0	0	0	1.1497	0	0	0	0	1.13913	0	0	0	7.04459	0	0	0	0	5.7	0	0	0	0	0	1.23678	0	0	1.0	0	1.44706	0	1.30362	1.32389	0	0	1.13514	1.31253	0	0	0	0	0	0	1.0	3.59061	0	0	0	6.90909	3.24211	0	0	0	0	0	0	3.9769	0	0	0	0	0	0	0	0	0	0	0	0	0	0	0	0	0	0	0	0	0	0	0	0	0	0	3.76087	0	0	0	0	0	0	0	0	0	0	0	4.65392	0	1.22107	0	0	0	0	2.30588	0	0	0	0	0	0	0	0	5.20891	0	3.30949	0	0	0	0	0	0	0	0	0	0	0	0	0	0	0	0	0	0	0	0	0	0	0	0	0	3.75	4.63158	0	10.27899	0	0	0	0	0	0	0	0	0	0	0	0	0	0	0	0	0	0	0	0	7.40467	3.0	6.0	0	0	2.05682	0	0	0	0	0	0	3.397702651047829
FrisianDutch	5.0	0	0	0	0	0	0	0	4.76667	0	0	0	0	0	0	0	0	0	0	0	0	0	0	0	2.23488	0	0	0	0	0	0	0	0	0	0	0	0	0	0	0	0	0	0	0	0	0	0	0	0	0	0	1.35433	0	0	0	1.625	0	3.66234	0	0	0	0	0	0	0	0	0	0	0	2.8	0	0	0	1.87714	0	0	0	0	0	0	0	0	3.19626	0	0	5.10526	0	0	0	0	0	0	2.57692	0	0	0	0	0	0	0	2.94118	0	0	0	0	0	0	4.15094	0	0	0	2.81081	0	0	0	3.0	0	0	0	7.0	0	0	0	0	0	0	0	0	0	0	0	0	0	0	0	1.32326	0	0	0	0	0	0	0	0	3.50754	0	0	0	0	3.875	0	0	0	0	0	2.11765	0	0	0	0	0	0	1.33333	1.43529	0	0	0	1.33333	0	0	0	0	0	0	1.16667	2.8	0	0	0	3.0	3.408	0	0	0	0	0	0	2.58084	0	0	0	0	0	0	0	0	0	0	0	0	0	0	0	0	0	0	0	1.2	0	0	0	0	0	0	2.74644	0	0	0	0	0	0	0	0	0	0	0	3.28571	0	1.28	0	0	0	0	2.61594	0	0	0	0	0	0	0	0	3.51412	0	0	0	0	0	0	0	0	0	0	0	0	0	0	0	0	0	0	0	0	0	0	0	0	0	0	0	4.34483	4.69444	0	4.85714	0	0	0	0	0	0	0	0	0	0	0	0	0	0	0	0	0	0	0	0	0	1.72222	5.0	0	0	3.96774	0	0	0	0	0	0	2.485391761235955
HindiEnglish	4.83857	0	0	0	0	0	0	5.29134	5.49936	0	0	0	0	0	0	0	0	0	0	0	0	0	0	0	1.90633	0	0	0	0	0	0	0	0	0	0	0	0	0	0	0	0	0	0	0	0	0	0	0	0	0	0	1.26889	0	0	0	2.0	0	1.43485	0	0	0	0	0	0	0	0	0	0	0	0	0	0	0	1.43651	0	0	0	0	0	0	0	0	3.23529	0	0	5.77273	0	0	0	0	0	0	1.23691	0	0	0	0	0	0	0	0	0	0	0	0	0	0	5.543	0	0	0	2.02808	0	0	0	4.60976	0	0	0	0	0	0	0	0	0	0	0	0	0	0	0	0	0	0	0	1.56499	0	0	0	0	0	0	0	0	7.1105	0	0	0	0	0	0	0	0	0	0	3.30233	0	0	0	0	0	0	1.11111	1.02717	0	0	0	0	0	0	0	0	0	0	0	3.05303	0	0	0	0	3.0361	0	0	0	0	0	0	2.64017	0	0	0	0	0	0	0	0	0	0	0	0	0	0	0	0	0	0	0	0	0	0	0	0	0	0	2.76248	0	0	0	0	0	0	0	0	0	0	0	0	0	1.36797	0	0	0	0	2.38824	0	0	0	0	0	0	0	0	4.3495	0	0	0	0	0	0	0	0	0	0	0	0	0	0	0	0	0	0	0	0	0	0	0	0	0	0	0	0	2.38889	0	8.12	0	0	0	0	0	0	0	0	0	0	0	0	0	0	0	0	0	0	0	0	6.0747	0	4.41	0	0	3.50694	0	0	0	0	0	0	3.014639312594478
TurkishGerman	3.58197	0	0	0	0	0	0	0	6.33384	0	0	0	0	0	0	0	0	0	0	0	0	0	0	0	2.53199	0	0	0	0	0	0	1.07416	0	0	0	0	0	0	0	0	0	0	0	0	0	0	0	0	0	0	0	1.33501	0	0	0	3.0101	2.59375	3.30475	0	0	0	0	0	0	0	0	0	0	0	1.84615	0	1.08176	0	1.50679	0	0	0	0	0	0	0	0	3.92946	0	0	5.55703	0	0	0	0	0	0	1.8137	0	0	0	0	1.04255	0	0	4.03448	0	1.04167	0	0	0	0	6.62837	0	0	0	2.32089	0	0	0	2.25	0	0	0	0	0	0	0	0	0	0	0	0	0	0	0	0	0	0	0	1.19881	0	0	0	0	0	0	0	0	3.90374	0	0	0	0	3.12389	0	0	0	0	0	2.32692	0	0	0	0	2.38202	0	1.0438	1.07018	0	0	0	0	0	0	0	0	0	0	0	2.60938	0	0	0	0	3.47772	0	0	0	0	0	0	1.67622	0	0	0	0	0	0	0	0	0	0	0	0	0	0	0	0	0	0	0	0	0	0	0	0	0	0	2.72444	0	0	0	0	0	0	0	0	0	0	0	2.875	0	1.2887	0	0	0	0	2.2302	0	0	0	0	0	0	0	0	3.1948	0	0	0	0	0	0	0	0	0	0	0	0	0	0	0	0	0	0	0	0	0	0	0	0	0	0	0	0	2.34783	0	8.58373	0	0	0	0	6.30804	0	0	0	0	0	0	0	0	0	0	0	0	0	4.13953	0	7.98164	3.59474	2.73469	0	0	2.17081	0	0	0	0	0	0	3.642610003031055
K'iche'	1.63529	0	0	0	0	0	0	0	3.81818	0	0	0	0	0	0	0	0	0	0	0	0	0	0	0	1.41563	0	0	0	0	0	0	0	0	0	0	0	0	0	0	0	0	0	0	1.08904	0	0	0	0	0	0	0	1.18898	0	0	0	1.63158	0	1.08182	0	0	0	0	0	0	0	0	0	0	0	0	0	0	0	1.31116	0	0	0	0	0	0	0	0	1.65854	0	0	2.67969	0	0	0	0	0	1.0	1.0678	0	0	0	0	0	0	0	0	0	0	0	0	0	0	4.72973	0	0	0	0	0	0	0	1.80952	0	0	0	1.12661	0	1.22059	0	0	0	0	0	0	0	0	0	0	0	0	1.02667	1.12535	0	0	0	0	0	0	0	0	1.73333	0	0	0	0	3.10714	0	0	0	0	0	0	0	0	0	0	0	0	1.05	1.29412	0	0	0	0	0	0	0	0	0	0	1.0	0	0	0	0	0	1.51479	0	0	0	0	0	0	1.88423	0	0	0	0	0	0	0	0	0	0	0	0	0	0	0	0	0	0	0	0	0	0	0	0	0	0	1.98192	0	0	0	0	0	0	0	0	0	0	0	0	0	1.45	0	0	0	0	1.97108	0	0	0	0	0	0	0	0	2.97333	0	0	0	0	0	0	0	0	0	0	0	0	0	0	0	0	0	0	0	0	0	0	0	0	0	0	0	0	0	0	5.51546	0	0	0	0	0	0	0	0	0	0	0	0	0	0	0	0	0	0	0	0	4.36773	0	2.38462	0	0	1.87273	0	0	0	0	0	0	2.2018089800370895
Romanian	4.35954	0	0	0	0	0	0	0	7.89112	0	0	0	0	0	0	0	0	0	0	0	0	0	0	7.09492	2.27813	0	0	0	0	0	0	0	0	0	0	0	0	0	0	0	0	0	0	0	0	0	0	0	3.14804	0	0	1.33209	0	0	0	4.26349	0	1.18869	0	0	0	0	0	0	0	0	0	0	0	1.16742	0	0	0	1.2444	0	0	0	0	0	0	0	0	3.21501	0	2.31699	4.28332	0	0	0	4.69351	0	6.0	1.31407	0	0	0	0	0	0	0	0	0	0	0	0	0	0	7.93601	0	0	0	1.78022	0	0	0	4.73364	0	0	6.57143	2.125	0	0	0	0	0	0	0	0	0	0	0	0	0	0	0	1.09689	0	0	0	0	0	0	0	0	4.45645	0	0	0	0	0	0	0	0	0	0	1.34197	0	1.15054	1.24484	1.43369	1.31871	0	1.18127	1.27179	0	0	0	0	0	0	0	0	0	0	1.12712	1.83731	0	0	0	4.0	2.60171	0	0	0	0	0	0	2.33626	0	0	0	0	0	0	0	0	0	0	0	0	0	0	0	0	0	0	0	0	0	0	0	0	0	4.48555	3.33126	0	0	0	0	0	0	0	0	0	0	0	3.93997	0	1.67994	0	0	0	0	1.80629	0	0	0	0	0	0	0	0	3.77255	0	2.72992	0	0	0	0	0	0	0	0	0	0	0	0	0	0	0	0	0	0	0	0	2.88287	0	0	0	0	0	2.97285	0	9.4983	0	0	0	0	0	0	0	0	0	0	0	0	0	0	0	0	0	0	0	0	7.24392	6.0	4.7295	0	0	3.23274	0	0	0	0	0	0	3.432573851216005
Russian	4.42488	0	0	0	0	0	0	5.42916	7.42865	0	0	0	0	0	0	0	0	0	0	0	0	0	0	0	1.79089	0	0	0	0	0	0	0	0	0	0	0	0	0	0	0	0	0	0	0	0	0	0	0	0	0	0	1.24463	0	0	0	2.44513	0	1.37565	0	0	0	0	0	0	0	0	0	0	0	1.154	0	0	0	1.47598	0	0	0	0	0	0	0	0	2.76806	0	0	6.88226	0	0	0	0	0	0	1.67421	0	0	0	0	0	0	0	0	0	0	0	0	0	0	6.92588	0	0	0	1.85807	0	0	0	2.23982	0	0	2.37059	2.82432	0	0	0	0	0	0	0	0	0	0	0	0	0	0	0	1.38715	0	0	0	0	0	0	0	0	3.96015	0	0	0	0	4.56522	0	0	0	0	0	2.34821	0	0	0	0	0	0	1.21225	1.77525	0	0	3.36246	1.17583	0	0	0	0	0	0	1.05128	1.94306	0	0	0	6.536	3.72272	0	0	0	0	0	0	1.99775	0	0	0	0	0	0	0	0	0	0	0	0	0	0	0	0	0	0	0	0	0	0	0	0	0	0	2.78603	0	0	0	0	0	0	0	0	0	0	0	3.01268	0	1.5608	0	1.57604	0	1.41776	2.01054	0	0	0	0	0	0	0	0	3.12046	0	2.01146	0	0	0	0	0	0	0	0	0	0	0	0	0	0	0	0	0	0	0	0	0	0	0	0	0	0	3.34961	0	6.08892	0	0	0	0	0	0	0	0	0	0	0	0	0	0	0	0	0	0	0	0	5.6471	4.2	3.49231	0	0	1.73165	0	0	0	0	0	0	3.228685774732951
Sanskrit	3.33218	0	0	0	0	0	0	6.57143	3.72041	0	0	0	0	0	0	0	0	0	0	0	0	0	0	0	2.21103	0	0	0	0	0	0	1.5	0	0	0	0	0	0	0	0	0	0	0	0	0	0	0	0	0	0	0	1.41932	0	0	0	1.60156	0	1.52381	0	0	0	0	0	0	0	0	0	0	0	0	0	0	0	1.27758	0	0	0	0	0	0	0	0	1.24215	0	0	5.02674	0	0	0	0	0	0	1.26829	0	0	0	0	0	0	0	0	0	0	0	0	0	0	3.78367	0	0	0	1.6723	0	0	0	4.09333	0	0	1.5	1.0	0	0	0	0	0	0	0	0	0	0	0	0	0	0	0	1.74969	0	0	0	0	0	0	0	0	2.16838	0	0	0	0	4.0	0	0	0	0	0	0	0	0	0	0	0	0	1.03571	1.26846	0	0	0	0	0	0	0	0	0	0	0	2.52305	0	0	0	0	2.56407	0	0	0	0	0	0	1.65895	0	0	0	0	0	0	0	0	0	0	0	0	0	0	0	0	0	0	0	1.57692	0	0	0	0	0	0	2.3426	0	0	0	0	0	1.84211	0	0	0	0	0	2.21622	0	1.21538	0	0	0	1.0	1.85224	0	0	0	0	0	0	0	0	2.23974	0	2.7	0	1.0	0	0	0	0	0	0	0	0	0	0	0	0	0	0	0	0	0	0	0	0	0	0	0	0	1.59756	0	4.65421	0	0	0	0	0	0	0	0	0	0	0	0	0	0	0	0	0	0	0	0	3.06154	0	2.29551	0	0	1.79231	0	0	0	0	0	0	2.3615761872990344
Slovak	4.66667	0	0	0	0	0	0	4.80166	6.17759	0	0	0	0	0	0	0	0	0	0	0	0	0	0	0	1.7613	0	0	0	0	0	0	1.49894	0	0	0	0	0	0	0	0	0	0	0	0	0	0	0	0	0	0	0	1.20786	0	0	0	3.74915	0	1.51145	0	0	0	0	0	0	0	0	0	0	0	1.79412	0	0	0	1.40518	0	0	0	0	0	0	0	0	2.07387	0	0	5.05317	0	0	0	0	0	0	2.4	0	0	0	0	0	0	0	0	0	0	0	0	0	0	5.07007	0	0	0	1.95389	0	0	0	4.83784	0	0	5.57143	3.20826	0	0	0	0	0	0	0	0	0	0	0	0	0	0	0	1.26623	0	0	1.30233	0	0	0	0	0	1.91304	0	0	0	0	0	0	0	0	0	0	1.69198	0	0	1.57466	0	1.70187	0	1.12698	1.62626	0	0	1.50617	0	0	0	0	0	0	0	0	1.54688	0	0	0	0	2.73641	0	0	0	0	0	0	1.92051	0	0	0	0	0	0	0	0	0	0	0	0	0	0	0	0	0	0	0	0	0	0	0	0	0	0	2.44157	0	0	0	0	0	0	0	0	0	0	0	2.90455	0	1.41138	0	0	0	0	1.90664	0	0	0	0	0	0	0	0	2.60046	0	0	0	2.13801	0	0	0	0	0	0	0	0	0	0	0	0	0	0	0	0	0	0	0	0	0	0	0	0	3.28125	0	7.69231	0	0	0	0	0	0	0	0	0	0	0	0	0	0	0	0	0	0	0	0	4.76926	0	3.32353	0	0	2.05263	0	0	0	0	0	0	2.6829326824969493
Slovenian	5.68651	0	0	0	0	0	0	0	7.54066	0	0	0	0	0	0	0	0	0	0	0	0	0	0	0	2.07035	0	0	0	0	0	0	0	0	0	0	0	0	0	0	0	0	0	0	0	0	0	0	0	0	0	0	1.25629	0	0	0	3.28333	0	2.51577	0	0	0	0	0	0	0	0	0	0	0	0	0	0	0	1.48476	0	0	0	0	0	0	0	0	2.61751	0	1.91667	5.83159	0	0	0	0	0	0	0	0	0	0	0	0	0	0	0	0	0	0	0	0	0	5.03259	0	3.93103	0	2.45952	0	0	0	4.72994	0	0	0	4.56522	0	0	0	0	0	0	0	0	0	0	0	0	0	0	0	1.31012	0	0	0	0	0	0	0	0	3.50567	0	3.18269	0	0	5.19298	0	0	0	0	0	2.70153	0	0	0	0	0	0	1.12551	1.24951	0	0	2.34783	1.04674	0	0	0	0	0	0	1.16667	2.56921	0	0	0	0	3.55267	0	0	0	0	0	0	1.95243	0	0	0	0	0	0	0	0	0	0	0	0	0	0	0	0	0	0	0	0	0	0	0	0	0	0	3.42307	0	0	0	0	0	0	0	0	0	0	0	0	0	1.39694	0	0	0	0	2.31945	0	0	0	0	0	0	0	0	3.44092	0	0	0	0	0	0	0	0	0	0	0	0	0	0	0	0	0	0	0	0	0	0	0	0	0	0	0	0	2.39024	0	9.52709	0	0	0	0	3.77333	0	0	0	0	0	0	0	0	0	0	8.73333	0	0	0	0	6.86958	2.90574	2.5625	0	0	2.0526	0	0	0	0	0	0	3.253646474798706
NorthSami	2.83291	0	0	0	0	0	0	3.44403	4.37691	0	0	0	0	0	0	0	0	0	0	0	0	0	0	0	1.81915	0	0	0	0	0	0	0	0	0	0	0	0	0	0	0	0	0	0	0	0	0	0	0	0	0	0	1.13466	0	0	0	2.25	0	1.7756	0	0	0	0	0	0	0	0	2.04884	0	0	0	0	0	0	1.19038	0	0	0	0	0	0	0	0	2.16387	0	1.58621	3.55051	0	0	0	0	0	0	2.28571	0	0	0	0	0	1.1	0	0	0	0	0	0	0	0	3.91657	0	0	0	1.72123	0	0	0	1.56604	0	0	0	0	0	0	0	0	0	0	0	0	0	0	0	0	0	0	0	1.12785	0	0	0	0	0	0	0	0	1.6963	0	0	0	0	0	0	0	0	0	0	0	0	0	0	0	0	0	0	1.03876	0	0	0	0	0	0	0	0	0	0	0	0	0	0	0	0	2.48876	0	0	0	0	0	0	1.37821	0	0	0	0	0	0	0	0	0	0	0	0	0	0	0	0	0	0	0	1.21926	0	0	0	0	0	0	1.9034	0	0	0	0	0	0	0	0	0	0	0	0	0	1.16736	0	0	0	0	1.71247	0	0	0	0	0	0	0	0	2.49521	0	0	0	0	0	0	0	0	0	0	0	0	0	0	0	0	0	0	0	0	0	0	0	0	0	0	0	0	0	0	7.16049	0	0	0	0	0	0	0	0	0	0	0	0	0	0	0	0	0	0	0	0	4.58943	0	3.375	0	0	1.9465	0	0	1.7	1.33333	0	0	2.5155309103372634
SkoltSami	0	0	0	0	0	0	0	0	5.27273	0	0	0	0	0	0	0	0	0	0	0	0	0	0	6.5	1.74641	0	0	0	1.0	0	0	0	1.58824	0	1.0	0	0	1.83673	0	0	0	1.83333	0	1.125	0	0	0	0	1.72603	0	0	1.17647	0	0	0	3.0	0	1.43478	0	0	0	0	0	0	0	1.2	1.3871	0	0	0	0	0	1.7	1.09524	0	0	0	0	0	0	0	0	2.50694	0	0	4.575	0	0	0	0	0	0	0	0	0	0	0	0	0	0	0	0	0	0	0	0	0	5.90323	0	0	0	1.56667	0	0	0	0	0	0	0	1.0	0	0	0	0	0	0	0	0	0	0	0	0	0	0	0	1.13158	0	0	0	0	0	0	0	0	3.06667	0	0	0	0	4.0	0	0	0	0	0	1.25	0	0	0	0	0	0	1.0	1.0	0	0	0	1.0	0	0	0	0	0	0	1.0	0	0	0	0	0	2.58824	0	0	0	0	0	0	1.0625	0	0	0	0	0	0	0	0	0	0	0	0	0	0	0	0	0	0	0	1.0	0	0	0	0	0	0	1.84889	0	0	0	0	0	2.4375	0	0	0	0	0	2.66667	0	1.0	0	0	0	0	1.53097	0	0	0	0	0	0	0	0	1.90476	0	2.66667	0	0	0	0	0	0	0	0	0	0	1.78947	0	0	0	0	0	0	0	0	0	0	0	0	0	0	2.0	1.36364	0	5.33333	0	0	0	0	0	0	0	0	0	0	0	0	0	0	0	0	0	0	0	0	4.8709	4.0	2.625	0	0	1.45161	0	0	0	0	0	0	3.081329024923481
Soi	0	0	0	0	0	0	0	0	4.0	0	0	0	0	0	0	0	0	0	0	0	0	0	0	0	4.5	0	0	0	0	0	0	0	0	0	0	0	0	0	0	0	0	0	0	0	0	0	0	0	0	0	0	0	0	0	0	0	0	2.0	0	0	0	0	0	0	0	0	0	0	0	0	0	0	0	1.16667	0	0	0	0	0	0	0	0	0	0	0	6.0	0	0	0	0	0	0	1.0	0	0	0	0	1.0	0	0	0	0	0	0	0	0	0	0	0	0	0	0	0	0	0	0	0	0	0	0	0	0	0	0	0	0	0	0	0	0	0	0	0	0	0	0	0	0	0	0	0	0	0	0	0	0	0	0	0	0	0	0	0	0	0	0	0	0	0	0	0	0	0	1.0	0	0	0	0	0	0	0	0	0	0	0	0	0	0	0	0	0	0	0	0	0	0	0	1.16667	0	0	0	0	0	0	0	0	0	0	0	0	0	0	0	0	0	0	0	1.25	0	0	0	0	0	0	2.16667	0	0	0	0	0	0	0	0	0	0	0	0	0	2.2	0	0	0	0	2.25	0	0	0	0	0	0	0	0	2.75	0	0	0	0	0	0	0	0	0	0	0	0	0	0	0	0	0	0	0	0	0	0	0	0	0	0	0	0	0	0	0	0	0	0	0	0	0	0	0	0	0	0	0	0	0	0	0	0	0	0	0	1.0	0	0	0	0	0	0	0	0	0	0	0	1.9038473076923075
Albanian	5.3	0	0	0	0	0	0	5.3	7.27273	0	0	0	0	0	0	0	0	0	0	0	0	0	0	0	3.22222	0	0	0	0	0	0	0	0	0	0	0	0	0	0	0	0	0	0	0	0	0	0	0	0	0	0	1.68571	0	0	0	6.0	0	1.35294	0	0	0	0	0	0	0	0	0	0	0	0	0	0	0	1.35	0	0	0	0	0	0	0	0	1.33333	0	0	3.5	0	0	0	0	0	0	1.0	0	0	0	0	0	0	0	0	0	0	0	0	0	0	4.07143	0	0	0	1.9	0	0	0	7.0	0	0	10.0	0	0	0	0	0	0	0	0	0	0	0	0	0	0	0	0	1.05072	1.0	1.0	0	0	0	0	1.0	0	0	0	0	0	0	0	0	0	0	0	0	1.0	0	0	0	0	0	0	1.0	1.25	0	0	0	0	0	0	0	0	0	0	0	1.0	0	0	0	0	1.71053	0	0	0	0	0	0	2.56627	0	0	0	0	0	0	0	0	0	0	0	0	0	0	0	0	0	0	0	2.44444	0	0	0	0	0	0	3.17647	0	0	0	0	0	0	0	0	0	0	0	0	0	1.0	0	0	0	0	1.26471	0	0	0	0	0	0	0	0	3.85185	0	0	0	0	0	0	0	0	0	0	0	0	0	0	0	0	0	0	0	0	0	0	0	0	0	0	0	0	2.0	0	0	0	0	0	0	0	0	0	0	0	0	0	0	0	0	0	0	0	0	0	0	7.74118	0	0	0	0	2.1	0	0	0	0	0	0	2.6950713963039017
Serbian	4.49677	0	0	0	0	0	0	0	8.97193	0	0	0	0	0	0	0	0	0	0	0	0	0	0	0	1.7906	0	0	0	0	0	0	0	0	0	0	0	0	0	0	0	0	0	0	0	0	0	0	0	0	0	0	1.20682	0	0	0	3.34022	0	1.93927	0	0	0	0	0	0	0	0	0	0	0	0	0	0	0	1.40731	0	0	0	0	0	0	0	0	2.00847	0	0	5.67022	0	0	0	0	0	0	3.33333	0	0	0	0	0	0	0	0	0	0	0	0	0	0	6.05336	0	0	0	2.30096	0	0	0	5.23333	0	0	0	3.5	0	0	0	0	0	0	0	0	0	0	0	0	0	0	0	1.3124	0	0	1.34932	0	0	0	0	0	4.44628	0	0	0	0	0	0	0	0	0	0	1.81952	0	0	0	0	0	0	1.13793	1.38563	0	0	0	0	0	0	0	0	0	0	0	1.0	0	0	0	5.72727	3.32972	0	0	0	0	0	0	1.98387	0	0	0	0	0	0	0	0	0	0	0	0	0	0	0	0	0	0	0	0	0	0	0	0	0	0	3.3848	0	0	0	0	0	0	0	0	0	0	0	0	0	1.44902	0	0	0	1.71073	1.95176	0	0	0	0	0	0	0	0	3.74785	0	0	0	0	0	0	0	0	0	0	0	0	0	0	0	0	0	0	0	0	0	0	0	0	0	0	0	0	3.72093	0	10.14473	0	0	0	0	0	0	0	0	0	0	0	0	0	0	0	0	0	0	0	0	7.73294	0	5.0	0	0	3.52119	0	0	0	0	0	0	3.3397278099024215
Swedish	3.66611	0	0	4.28736	0	0	0	3.78522	6.96756	0	0	0	0	0	0	0	0	0	0	0	0	0	0	0	1.96474	0	0	0	0	0	0	0	0	0	0	0	0	0	0	0	0	0	0	0	0	0	0	0	0	0	0	1.20647	0	0	0	5.45388	0	1.94317	0	0	0	0	0	0	0	0	0	0	0	1.44681	0	0	0	1.74484	0	0	0	0	0	0	0	0	2.28767	0	0	5.84631	0	0	0	0	0	0	1.37135	0	0	0	0	0	0	0	1.36413	0	0	0	0	0	0	6.59797	0	0	0	2.25892	0	0	0	5.51864	0	0	6.39535	1.4	0	0	0	0	0	0	0	0	0	0	0	0	0	0	0	1.63169	0	0	0	0	0	0	0	0	4.60317	0	0	0	0	5.38032	0	0	0	0	0	1.97731	0	0	0	0	0	0	1.314	1.08627	0	0	0	1.0838	0	0	0	0	0	0	0	1.3284	0	0	0	2.2	2.805	0	0	0	0	0	0	2.15138	0	0	0	0	0	0	0	0	0	0	0	0	0	0	0	0	0	0	0	1.29505	0	0	0	0	0	0	2.36311	0	0	0	0	0	0	0	0	0	0	0	2.61745	0	1.44588	0	0	0	0	2.15496	0	0	0	0	0	0	0	0	4.12803	0	3.71134	0	0	0	0	0	0	0	0	0	0	0	0	0	0	0	0	0	0	0	0	0	0	0	0	0	0	3.09804	0	11.98612	0	0	0	0	0	0	0	0	0	0	0	0	0	0	0	0	0	0	0	0	8.12629	12.25	4.8913	0	0	2.77735	0	0	0	0	0	0	3.2447086981164004
SwedishSign	3.58333	0	0	0	0	0	0	3.75	3.5	0	0	0	0	0	0	0	0	0	0	0	0	0	0	0	2.19318	0	0	0	0	0	0	0	0	0	0	0	0	0	0	0	0	0	0	0	0	0	0	0	0	0	0	1.0	0	0	0	2.33333	0	1.16	0	0	0	0	0	0	0	0	0	0	0	0	0	0	0	1.16129	0	0	0	0	0	0	0	0	2.0	0	0	3.28125	0	0	0	0	0	1.2963	1.57895	0	0	0	0	0	0	0	1.125	0	0	0	1.83607	0	0	3.91315	0	0	0	1.5	0	0	0	1.33333	0	0	0	3.3125	0	0	0	0	0	0	0	0	0	0	0	0	0	0	0	1.70312	0	0	0	0	0	0	0	0	3.67391	0	0	0	0	0	0	0	0	0	0	0	0	0	0	0	0	0	0	1.5	0	0	0	0	0	0	0	0	0	0	0	1.25	0	0	0	0	1.75	0	0	0	0	0	0	1.68421	0	0	0	0	0	0	0	0	0	0	0	0	0	0	0	0	0	0	0	1.33333	0	0	0	0	0	0	1.58537	0	0	0	0	0	0	0	0	0	0	0	0	0	1.4375	0	0	0	0	1.5	0	0	0	0	0	0	0	0	2.3	0	0	0	0	0	0	0	0	0	0	0	0	0	0	0	0	0	0	0	0	0	0	0	0	0	0	0	0	1.0	0	0	0	0	0	0	0	0	0	0	0	0	0	0	0	0	0	0	0	0	0	0	0	1.5625	1.0	0	0	2.5	0	0	0	0	0	0	2.5228205436241606
Tamil	1.7551	0	0	0	0	0	0	1.64384	4.19899	0	0	0	0	1.75	0	0	0	0	0	0	0	0	0	0	3.0625	0	0	0	0	0	0	1.39316	0	0	0	0	0	0	0	0	0	0	0	0	0	0	0	0	0	0	0	1.6425	0	0	0	0	0	1.20605	0	0	0	0	0	0	0	0	1.0	0	0	1.0	0	0	0	1.18101	0	0	0	0	0	0	0	0	1.6	0	0	5.74096	0	0	0	0	0	0	1.02857	0	0	0	0	1.0	0	0	1.0	0	1.0	0	0	0	0	5.3112	0	0	0	23.0	0	0	0	3.36364	0	0	0	1.0	0	0	0	0	0	0	0	0	0	0	0	0	0	0	0	1.05952	0	0	0	0	0	0	0	0	0	0	0	0	0	0	0	0	0	0	0	0	0	0	0	0	0	0	1.5	0	0	0	0	0	0	0	0	0	0	0	0	3.87037	0	0	0	0	1.72242	0	0	0	0	0	0	1.70528	0	0	0	0	0	0	0	0	0	0	0	0	0	0	0	0	0	0	0	1.0	0	0	0	0	0	0	2.62186	0	0	0	0	0	0	0	0	0	2.12766	0	1.8	0	1.27083	0	0	0	0	1.86111	0	0	0	0	0	0	0	0	3.64437	0	1.0	0	3.55556	0	0	2.5	0	0	0	1.8	0	2.0	0	0	0	0	0	0	0	0	0	1.2	0	0	0	0	1.97778	0	0	1.4	0	0	0	0	0	0	0	0	0	0	0	0	0	0	0	0	0	0	0	0	2.73403	0	2.0	0	0	4.38889	0	0	0	0	0	0	2.4033921835715515
Telugu	1.30303	0	0	0	0	0	0	1.07895	2.66667	0	0	0	0	3.22222	0	0	0	0	0	0	0	0	0	0	1.4741	0	0	0	0	0	0	0	0	0	0	0	0	0	0	0	0	0	0	0	0	0	0	0	0	0	0	1.04054	0	0	0	1.0	0	0	0	0	0	0	0	0	0	0	0	0	0	0	0	0	0	1.0	0	0	0	0	0	0	0	0	1.76923	0	0	2.35789	0	0	0	0	0	2.0	1.03046	0	0	0	0	1.0	0	0	0	0	1.0	0	1.06849	0	0	1.92308	0	0	0	0	0	0	0	2.26087	0	0	0	1.0	0	0	0	0	0	0	0	0	0	0	0	0	0	0	0	1.05806	0	0	0	0	0	0	0	0	1.51724	0	0	0	0	3.0	0	0	0	0	0	0	0	0	0	0	0	0	0	1.09091	0	0	0	0	0	0	0	0	0	0	0	2.39474	0	0	0	3.0	1.05085	0	0	0	0	0	0	1.06637	0	0	0	0	0	0	0	0	0	0	0	0	0	0	0	0	0	0	0	1.00654	0	0	0	0	0	1.7	2.04371	0	0	0	0	0	0	0	0	0	2.35185	0	0	0	1.1039	0	0	0	0	1.51351	0	0	0	0	0	0	0	0	1.76941	0	0	0	0	2.0	2.25	0	0	0	0	0	0	0	0	0	0	0	0	0	0	0	0	0	0	0	0	0	1.93578	1.5	0	3.5	0	0	0	0	0	0	0	0	0	0	0	0	0	0	0	0	0	0	0	0	1.11945	0	1.30769	0	0	2.16667	0	0	0	0	0	0	1.5240935121350685
Thai	2.83249	0	0	0	0	0	0	4.16966	8.78592	0	0	0	0	0	0	0	0	0	0	0	0	0	0	0	2.09891	0	0	0	0	0	0	0	0	0	0	0	0	0	0	0	0	0	0	0	0	0	0	0	0	0	0	1.18807	0	0	0	1.6105	0	1.60728	0	0	0	0	0	0	0	0	0	0	0	1.01149	0	0	0	1.1264	0	0	0	0	0	0	0	0	2.81377	0	2.0	6.74182	0	0	0	0	0	2.92308	1.46836	0	0	0	0	0	0	0	1.7967	0	0	0	0	0	0	6.16314	0	0	0	1.07407	0	0	0	6.5102	0	0	0	1.0	0	0	0	0	0	0	0	0	0	0	0	0	0	0	0	1.6586	0	0	0	0	0	0	0	0	4.10345	0	0	0	0	3.0	0	0	0	0	0	0	0	0	0	0	0	0	1.32733	1.42012	0	0	0	1.42012	0	0	0	0	0	0	1.0	2.5	0	0	0	0	3.30824	0	0	0	0	0	0	3.4836	0	0	0	0	0	0	0	0	0	0	0	0	0	0	0	0	0	0	0	3.11644	0	0	0	0	0	0	3.29019	0	0	0	0	0	0	0	0	0	0	0	4.75714	0	1.06183	0	0	0	0	1.25375	0	0	0	0	0	0	0	0	3.79613	0	0	0	0	0	0	0	0	0	0	0	0	0	0	0	0	0	0	0	0	0	0	0	2.96703	0	0	0	3.21429	0	0	10.8	0	0	0	0	0	0	0	0	0	0	0	0	0	0	0	0	0	0	0	0	3.73162	4.0	5.0	0	0	2.51154	0	0	0	0	0	0	2.511698475004209
Tagalog	2.52	0	0	0	0	0	0	1.0	5.94118	0	0	0	0	0	0	0	0	0	0	0	0	0	0	0	1.90698	0	0	0	0	0	0	0	0	0	0	0	0	0	0	0	0	0	0	0	0	0	0	0	0	0	0	2.2093	0	0	0	0	0	2.0	0	0	0	0	0	0	0	0	0	0	0	0	0	0	0	1.4096	0	0	0	0	0	0	0	0	1.54545	0	0	3.0	0	0	0	0	0	0	1.68182	0	0	0	0	0	0	0	0	0	2.0	0	0	0	0	3.90476	0	0	0	0	0	0	0	2.0	0	0	0	0	0	0	0	0	0	0	0	0	0	0	0	0	0	0	0	1.58333	0	0	0	0	0	0	0	0	1.5	0	0	0	0	0	0	0	0	0	0	0	0	0	0	0	0	0	1.07143	1.14286	0	0	0	0	0	0	0	0	0	0	0	4.0	0	0	4.0	0	1.46809	0	0	0	0	0	0	2.13	0	0	0	0	0	0	0	0	0	0	0	0	0	0	0	0	0	0	0	1.0	0	0	0	0	0	0	3.03365	0	0	8.0	0	0	0	8.0	4.0	0	0	0	3.64706	0	2.75	0	0	0	0	2.22414	0	0	1.67857	0	0	0	0	0	4.36486	0	0	0	0	0	0	0	0	0	0	0	0	0	0	0	0	0	0	0	0	0	0	0	0	0	0	0	0	0	0	5.18182	0	0	0	0	0	0	0	0	0	0	0	0	0	0	0	0	0	0	0	0	5.47985	0	4.5	0	0	2.11111	0	0	0	0	0	0	2.758969659090909
Tupinambá	3.33333	0	0	0	0	0	0	0	4.47126	0	0	0	0	0	0	0	0	0	0	0	0	0	0	0	2.15	0	0	0	0	0	0	0	0	0	0	0	0	0	0	0	0	0	0	0	0	0	0	0	0	0	0	1.33333	0	0	0	2.47059	0	1.0	0	0	0	0	0	0	0	0	0	0	0	0	0	0	0	1.11382	0	0	0	0	0	0	0	0	2.0	0	0	5.64286	0	0	0	0	0	0	1.0	0	0	0	0	0	0	0	0	0	0	0	0	0	0	3.20513	0	0	0	0	0	0	0	0	0	0	0	2.89362	0	0	0	0	0	0	0	0	0	0	0	0	0	0	0	1.0	0	0	0	0	0	0	0	0	1.54902	0	0	0	0	0	0	0	0	0	0	0	0	0	0	0	0	0	0	0	0	0	0	0	0	0	0	0	0	0	0	0	0	0	0	0	1.0	0	0	0	0	0	0	1.60127	0	0	0	0	0	0	0	0	0	0	0	0	0	0	0	0	0	0	0	0	0	0	0	0	0	0	1.63077	0	0	0	0	0	0	0	0	0	0	0	0	0	1.6	0	0	0	0	1.85714	0	0	0	0	0	0	0	0	2.1399	0	0	0	0	0	0	0	0	0	0	0	0	0	0	0	0	0	0	0	0	0	0	0	0	0	0	0	0	0	0	5.30303	0	0	0	0	0	0	0	0	0	0	0	0	0	0	0	0	0	0	0	0	2.23372	0	0	0	0	5.0	0	0	0	0	0	0	2.2942543371647504
Turkish	2.08291	0	0	0	0	0	0	0	4.02984	0	0	0	0	0	0	0	0	0	0	0	0	0	0	0	2.08383	0	0	0	0	0	0	1.19392	0	0	0	0	0	0	0	0	0	0	0	0	0	0	0	0	0	0	0	1.67073	0	0	0	3.10475	0	1.11443	0	0	0	0	0	0	0	0	0	0	0	0	0	1.24143	0	1.24958	0	0	0	0	0	0	0	0	2.81814	0	2.32237	2.15524	0	0	0	0	0	1.46193	1.07952	0	0	0	0	1.03832	0	0	0	0	1.08799	0	0	0	0	4.95207	0	0	0	1.13414	0	0	0	3.28763	0	1.60317	0	2.30952	0	0	0	0	0	0	0	0	0	0	0	0	0	0	0	1.17501	0	0	0	0	0	0	0	0	4.40236	0	0	0	0	6.66667	0	0	0	0	0	0	0	0	0	0	0	0	1.03974	1.33768	0	0	0	0	0	0	0	0	0	0	1.0	2.53697	0	0	0	3.54282	1.92636	0	0	0	0	0	0	1.79103	0	0	0	0	0	0	0	0	2.11111	0	0	0	0	0	0	0	0	0	1.59677	1.69638	0	0	0	0	0	0	3.717	0	0	0	0	0	2.4	0	0	0	0	0	0	0	1.28628	0	0	0	0	1.94925	0	0	0	0	0	0	0	0	3.03852	0	2.04348	0	0	0	0	0	0	0	0	0	0	0	0	0	0	0	0	0	0	0	0	0	0	0	0	0	2.5328	4.50847	0	4.86117	0	0	0	0	0	0	0	0	0	0	0	0	0	0	0	0	0	0	0	0	1.82317	6.0	3.35843	0	0	1.55805	0	0	0	0	0	0	2.235678700403037
Uyghur	2.03235	0	0	0	0	0	0	0	4.0597	0	0	0	0	6.8	0	0	0	0	0	0	0	0	0	0	2.92217	0	0	0	0	0	0	3.23333	0	0	0	0	0	0	0	0	0	0	0	0	0	0	0	0	0	0	0	1.42259	0	0	0	2.896	0	1.0773	0	0	0	0	0	0	0	0	0	0	0	0	0	0	0	1.09215	0	0	0	0	0	0	0	0	5.14667	0	0	3.21065	0	0	0	0	0	0	1.192	0	0	0	0	1.0597	0	0	0	0	1.90157	0	0	0	0	5.29879	0	0	0	1.17371	0	0	0	2.55556	0	0	0	3.75281	0	0	0	0	0	0	0	0	0	0	0	0	0	0	0	1.26659	0	0	0	0	0	0	0	0	5.98008	0	0	0	0	5.23077	0	0	0	0	0	0	0	0	0	0	0	0	1.23932	1.5	0	0	0	0	0	0	0	0	0	0	2.0	0	0	0	0	0	3.9466	0	0	0	0	0	0	2.0388	0	0	0	0	0	0	0	3.41176	1.05	0	0	0	0	0	0	0	0	0	1.16667	1.83525	0	0	0	0	0	6.25301	4.56746	0	0	0	0	0	0	0	0	0	0	0	0	0	1.18146	0	0	0	0	1.98959	0	0	0	0	0	0	0	0	3.14401	0	0	0	0	0	0	0	0	0	0	0	0	0	0	0	0	0	0	0	0	0	0	0	0	0	0	0	7.25	4.25	0	8.17037	0	0	0	0	0	0	0	0	0	0	0	0	0	0	0	0	0	0	0	0	1.69812	4.0	4.64151	0	0	6.75	0	0	0	0	0	0	2.5406066445344546
Ukrainian	5.09725	1.35714	0	0	0	0	0	5.2565	7.01677	0	0	0	0	0	0	0	0	0	0	0	0	3.5098	2.3617	0	1.93343	0	0	0	0	1.13953	0	0	0	0	0	0	0	0	0	0	0	0	0	0	0	0	0	0	0	0	0	1.39749	0	0	0	4.17529	0	1.45455	0	0	0	0	0	0	0	0	0	0	0	0	0	0	0	1.43575	0	0	0	0	0	0	0	0	2.55008	0	0	5.8539	0	0	0	0	0	0	2.04398	0	0	0	0	0	0	0	0	0	0	0	3.3	0	0	6.77317	0	0	2.5	1.70948	0	0	0	3.34664	0	0	0	0	0	0	0	0	0	0	0	0	0	0	0	0	0	0	0	1.31907	0	0	1.31724	1.37143	0	0	0	0	2.73284	0	0	0	0	5.0	0	0	0	0	0	2.57759	0	0	0	0	0	0	1.1193	2.09027	1.75	0	2.05	1.25568	0	2.44444	2.49351	4.75362	2.29147	0	1.0	2.03768	0	0	0	5.0	3.15441	0	0	0	0	0	0	2.13992	0	0	0	0	0	0	0	0	0	0	0	0	0	0	0	0	0	0	0	0	0	0	0	0	0	0	2.83754	0	0	0	0	0	0	0	0	0	0	0	0	0	1.52226	0	0	0	1.58469	2.1762	0	0	0	0	0	0	0	0	3.43367	0	0	0	0	0	0	0	0	0	0	0	0	0	0	0	0	0	0	0	0	0	0	0	0	0	0	0	0	3.72266	0	9.2392	0	0	0	0	7.04036	0	0	0	0	10.75	0	0	0	13.09091	0	0	0	0	0	0	5.40991	8.0	4.2549	6.0	0	1.83724	0	0	0	0	2.41018	0	3.31608751146492
Urdu	8.84239	0	0	0	0	0	0	10.28737	8.91148	0	0	0	0	0	0	0	0	0	0	0	0	0	0	0	3.61538	0	0	0	0	0	0	0	0	0	0	0	0	0	0	0	0	0	0	0	0	0	0	0	0	0	0	1.46858	0	0	0	0	0	1.34848	0	0	0	0	0	0	0	0	0	0	0	0	0	0	0	1.3022	0	0	0	0	0	0	0	0	5.82123	0	0	0	0	0	0	0	0	0	1.42557	0	0	0	0	0	0	0	0	0	0	0	0	0	0	9.3389	0	0	0	1.42376	0	0	0	0	0	0	0	2.10851	0	0	0	0	0	0	0	0	0	0	0	0	0	0	0	1.16181	0	0	0	0	0	0	0	0	0	0	0	0	0	3.53488	0	0	0	0	0	0	0	0	0	0	0	0	0	1.5	0	0	0	0	0	0	0	0	0	0	0	6.43246	0	0	0	0	7.26478	0	0	0	0	0	0	2.64332	0	0	0	0	0	0	0	0	0	0	0	0	0	0	0	0	0	0	0	0	0	0	0	0	0	0	7.15333	0	0	0	0	0	0	0	0	0	0	0	0	0	1.39371	0	0	0	0	6.25187	0	0	0	0	0	0	0	0	7.73935	0	0	0	0	0	0	0	0	0	0	0	0	0	0	0	0	0	0	0	0	0	0	0	0	0	0	0	0	0	0	0	0	0	0	0	0	0	0	0	0	0	0	0	0	0	0	0	0	0	0	0	2.88278	0	7.26667	0	0	2.07489	0	0	0	0	0	0	3.532030492638816
UrubúKaapor	0	0	0	0	0	0	0	0	4.66667	0	0	0	0	0	0	0	0	0	0	0	0	0	0	0	2.33333	0	0	0	0	0	0	0	0	0	0	0	0	0	0	0	0	0	0	0	0	0	0	0	0	0	0	1.0	0	0	0	0	0	1.4	0	0	0	0	0	0	0	0	0	0	0	0	0	0	0	1.0	0	0	0	0	0	0	0	0	4.0	0	0	0	0	0	0	0	0	0	1.0	0	0	0	0	0	0	0	0	0	0	0	0	0	0	4.0	0	0	0	0	0	0	0	0	0	0	0	0	0	0	0	0	0	0	0	0	0	0	0	0	0	0	0	4.0	0	0	0	0	0	0	0	0	1.61905	0	0	0	0	0	0	0	0	0	0	0	0	0	0	0	0	0	0	0	0	0	0	0	0	0	0	0	0	0	0	1.0	0	0	0	0	1.0	0	0	0	0	0	0	1.25	0	0	0	0	0	0	0	0	0	0	0	0	0	0	0	0	0	0	0	0	0	0	0	0	0	0	1.90566	0	0	0	0	0	0	0	0	0	0	0	0	0	0	0	0	0	0	1.24444	0	0	0	0	0	0	0	0	1.75	0	0	0	0	0	0	0	0	0	0	0	0	0	0	0	0	0	0	0	0	0	0	0	0	0	0	0	0	0	0	0	0	0	0	0	0	0	0	0	0	0	0	0	0	0	0	0	0	0	0	0	1.5	0	0	0	0	1.0	0	0	0	0	0	0	1.7094959776536311
Vietnamese	0	0	0	0	0	0	0	0	6.15613	0	0	0	0	0	0	0	0	0	0	0	0	0	0	0	1.37485	0	0	0	0	0	0	0	0	0	0	0	0	0	0	0	0	0	0	0	0	0	0	0	0	0	0	1.49538	0	0	0	3.83333	0	1.71769	0	0	0	0	0	0	0	0	0	0	0	1.90107	0	0	0	1.35598	0	0	0	0	0	0	0	0	3.06438	0	0	3.84967	0	0	0	0	0	0	1.24061	0	0	0	0	0	0	0	0	0	0	0	0	0	0	4.58846	0	0	0	1.44444	0	0	0	4.76471	0	0	0	2.15934	0	0	0	0	0	0	0	0	0	0	0	0	0	0	0	1.26891	0	0	0	0	0	0	0	0	2.24183	0	0	0	0	0	0	0	0	0	0	0	0	0	0	0	0	0	0	0	0	0	0	0	0	0	0	0	0	0	0	3.28571	0	0	0	6.57143	3.85915	0	0	0	0	0	0	3.02065	0	0	0	0	0	0	0	0	0	0	0	0	0	0	0	0	0	0	0	0	0	0	0	0	0	0	2.76328	0	0	0	0	0	0	0	0	0	0	0	0	0	1.16454	0	0	0	0	1.7793	0	0	0	0	0	0	0	0	4.125	0	0	0	0	0	0	0	0	0	0	0	0	0	0	0	0	0	0	0	0	0	0	0	0	0	0	0	0	0	0	8.0	0	0	0	0	0	0	0	0	0	0	0	0	0	0	0	0	0	0	0	0	6.25099	0	5.6	0	0	1.58281	0	0	0	0	0	0	2.8747315852946898
Warlpiri	3.0	0	0	0	0	0	0	0	2.9	0	0	0	0	0	0	0	0	0	0	0	0	0	0	0	1.0	0	0	0	0	0	0	0	0	0	0	0	0	0	0	0	0	0	0	0	0	0	0	0	0	0	0	2.0	0	0	0	0	0	1.86	0	0	0	0	0	0	0	0	0	0	0	0	0	0	0	1.0	0	0	0	0	0	0	0	0	0	0	0	0	0	0	0	0	0	0	0	0	0	0	0	0	0	0	0	0	0	0	0	0	0	0	0	0	0	0	0	0	0	0	0	0	0	0	0	0	0	0	0	0	0	0	0	0	0	0	0	0	0	0	0	0	0	0	0	0	0	0	0	0	0	0	0	0	0	0	0	0	0	0	0	0	0	0	0	0	0	0	0	0	0	0	0	0	0	0	0	0	0	2.125	0	0	0	0	0	0	0	0	0	0	0	3.0	0	0	0	0	0	0	0	0	0	0	0	0	0	0	0	0	0	0	0	3.0	0	0	0	0	0	0	2.64286	0	0	0	0	0	0	0	0	0	0	0	0	0	0	0	0	0	0	1.4	0	0	0	0	0	0	0	0	1.13333	0	0	0	0	0	0	0	0	0	0	0	0	0	0	0	0	0	0	0	0	0	0	0	0	0	0	0	1.0	0	0	0	0	0	0	0	0	0	0	0	0	0	0	0	0	0	0	0	0	0	0	0	2.05357	0	0	0	0	1.75	0	0	0	0	0	0	1.99619783269962
Wolof	2.82602	0	0	0	0	0	0	2.71288	7.49701	0	0	0	0	0	0	0	0	0	0	0	0	0	0	0	2.65076	0	0	0	0	0	0	0	0	0	0	0	0	0	0	0	0	0	0	0	0	0	0	0	0	0	0	1.0	0	0	0	4.27852	0	1.49864	0	0	0	0	0	0	0	0	0	0	0	0	0	0	0	1.23644	0	0	0	0	0	0	0	0	2.53475	0	0	6.04366	0	0	0	0	0	0	1.21212	0	0	0	0	0	0	0	1.11765	0	0	0	1.4	0	0	6.74267	0	0	0	1.63167	0	0	0	5.94	0	0	0	0	0	0	0	0	0	0	0	0	0	0	0	0	0	0	0	1.20714	0	0	0	0	0	0	0	0	6.53191	0	0	0	0	7.03617	0	0	0	0	0	1.0	0	0	0	0	0	0	1.04878	1.37724	0	0	0	0	0	0	0	0	0	0	0	2.54754	0	3.57143	0	0	2.59487	0	0	0	0	0	0	1.6398	0	0	0	0	0	0	0	0	0	0	0	0	0	0	0	0	0	0	0	1.0	0	0	0	0	0	0	2.12738	0	0	0	0	0	0	0	0	0	0	0	0	0	1.25995	0	0	0	0	1.68147	0	0	0	2.01316	1.51695	0	0	0	3.67764	0	0	3.44304	0	0	0	0	0	0	0	0	0	0	0	0	0	0	0	0	0	0	0	0	0	0	0	0	0	2.36364	0	9.33495	0	0	0	0	0	0	0	0	0	0	0	0	0	0	0	0	0	0	0	0	7.31171	0	0	0	0	2.28812	0	0	0	0	0	0	3.238155077039544
Kangri	0	0	0	0	0	0	0	0	4.07692	0	0	0	0	0	0	0	0	0	0	0	0	0	0	0	1.84091	0	0	0	0	0	0	0	0	0	0	0	0	0	0	0	0	0	0	0	0	0	0	0	0	0	0	1.65957	0	0	0	0	0	1.30667	0	0	0	0	0	0	0	0	0	0	0	2.01923	0	0	0	1.13	0	0	0	0	0	0	0	0	2.79167	0	0	6.0	0	0	0	0	0	0	1.45283	0	0	0	0	0	0	0	0	0	0	0	0	0	0	2.91304	0	0	0	1.51515	0	0	0	0	0	0	0	1.64516	0	0	0	0	0	0	0	0	0	0	0	0	0	0	0	1.36957	0	0	0	0	0	0	0	0	2.33333	0	0	0	0	0	0	0	0	0	0	0	0	0	0	0	0	0	0	0	0	0	0	0	0	0	0	0	0	0	0	3.11111	0	0	0	0	2.9	0	0	0	0	0	0	2.42925	0	0	0	0	0	0	0	0	0	0	0	0	0	0	0	0	0	0	0	0	0	0	0	0	0	0	3.63393	0	0	0	0	0	0	0	0	0	0	0	0	0	1.16129	0	0	0	0	2.63953	0	0	0	0	0	0	0	0	4.2293	0	0	0	0	0	0	0	0	0	0	0	0	0	0	0	0	0	0	0	0	0	0	0	0	0	0	0	0	0	0	0	0	0	0	0	0	0	0	0	0	0	0	0	0	0	0	0	0	0	0	0	2.32258	0	0	0	0	1.0	0	0	0	0	0	0	2.201931953467954
Yoruba	3.7875	0	0	0	0	0	0	0	7.28409	0	0	0	0	0	0	0	0	0	0	0	0	0	0	0	2.61473	0	0	0	0	0	0	0	0	0	0	0	0	0	0	0	0	0	0	0	0	0	0	0	0	0	0	1.625	0	0	0	4.80952	0	1.50571	0	0	0	0	0	0	0	0	0	0	0	0	0	0	0	1.31928	0	0	0	0	0	0	0	0	1.89714	0	0	6.5567	0	0	0	0	0	0	2.20513	0	0	0	0	0	0	0	2.23529	0	0	0	2.45872	0	0	6.4596	0	0	0	1.28261	0	0	0	2.0	0	0	0	0	0	0	0	0	0	0	0	0	0	0	0	0	0	0	0	1.12821	0	0	0	0	0	0	0	0	3.625	0	0	0	0	0	0	0	0	0	0	1.49265	0	0	0	0	0	0	1.02586	1.90909	0	0	0	0	0	0	0	0	0	0	1.0	7.0	0	0	0	0	3.60772	0	0	0	0	0	0	1.5811	0	0	0	0	0	0	0	0	0	0	0	0	0	0	0	0	0	0	0	0	0	0	0	0	0	0	2.56332	0	0	0	0	0	0	0	0	0	0	0	0	0	1.79167	0	0	0	0	1.74067	0	0	0	0	0	0	0	0	3.34845	0	0	0	0	0	0	0	0	0	0	0	0	0	0	0	0	0	0	0	0	0	0	0	0	0	0	0	0	3.0	0	12.28125	0	0	0	0	0	0	0	0	0	0	0	0	0	0	0	0	0	0	0	0	7.08079	0	5.9	0	0	3.35897	0	0	0	0	0	0	3.2666655955882358
Cantonese	2.75429	0	0	0	0	0	0	0	7.3245	0	0	0	0	0	5.01429	0	0	0	0	0	0	0	0	0	2.54869	0	0	0	0	0	2.21429	0	0	0	0	0	0	0	0	0	0	0	0	0	0	0	0	0	0	0	0	2.23529	0	0	0	3.25532	0	1.70379	0	0	0	0	0	0	0	0	0	0	0	0	0	0	0	1.72535	0	0	0	0	0	1.15942	0	0	2.68354	0	0	4.6697	0	0	0	0	0	1.04245	1.58186	0	0	1.65	1.05882	0	0	0	0	1.0	0	0	0	2.06667	1.24561	4.92883	0	0	0	2.78723	0	0	0	6.05882	0	0	0	0	0	0	0	0	0	0	0	0	0	0	0	0	0	0	0	1.95955	0	0	0	0	0	0	0	0	3.85245	0	0	0	3.24978	5.46667	0	0	0	0	0	0	0	0	0	0	0	0	0	1.03704	0	0	0	0	0	0	0	0	0	0	0	2.42857	0	0	0	0	2.70849	1.1	0	0	0	0	1.68224	2.65401	0	0	0	0	0	0	0	0	0	0	0	0	0	0	0	0	0	0	0	0	0	0	0	0	0	0	2.71609	0	0	0	0	0	0	0	0	0	0	0	5.0	4.76923	2.35437	0	0	0	0	2.56471	0	0	0	0	0	0	0	4.39286	3.98993	0	1.0	0	0	0	0	0	0	0	0	0	0	0	0	0	0	0	0	0	0	0	1.0	0	0	0	0	0	4.2971	0	0	10.48252	0	0	0	0	0	0	0	0	0	0	0	0	0	0	0	0	0	0	0	0	4.27336	5.10976	6.26562	0	0	3.62411	0	0	0	0	0	0	3.375254067290734
Chinese	4.05412	0	0	0	0	0	0	4.42342	7.79479	0	0	0	0	0	0	0	0	0	0	0	0	0	0	0	2.54372	0	0	0	0	0	2.8	0	0	0	0	0	0	0	0	0	0	0	0	0	0	0	0	0	0	0	0	2.15721	0	0	0	3.49133	0	1.76699	0	0	0	0	0	0	0	0	0	0	0	1.98392	0	0	0	2.23549	0	0	0	0	0	1.43035	0	0	2.26564	0	0	7.6381	0	0	0	0	0	2.49755	1.11993	0	0	1.14516	1.0	0	0	0	0	0	0	0	0	1.96667	1.1087	5.43223	0	0	0	4.95433	0	0	0	6.46063	0	0	9.33333	11.45742	0	0	0	0	0	0	0	0	0	0	0	0	0	0	0	2.04784	0	0	0	0	0	0	0	0	3.09934	0	0	0	2.38076	4.66667	0	0	0	0	0	0	0	0	0	0	0	0	1.0	1.33541	0	0	1.58462	1.27234	0	0	0	0	0	0	0	2.07065	0	0	0	0	2.48934	1.17308	0	0	1.11538	0	2.13822	2.72148	0	0	0	0	0	0	0	0	0	0	0	0	0	0	0	0	0	0	0	0	0	0	0	0	0	6.99783	4.96334	0	0	0	0	0	0	0	0	0	0	0	5.91026	0	1.12683	0	0	0	0	3.37474	0	0	0	0	0	0	0	3.51852	3.85074	0	3.35714	0	0	0	0	0	0	0	0	0	0	0	0	0	0	0	0	0	0	0	1.90359	0	0	0	0	0	4.65427	2.5	0	14.99472	0	0	0	0	0	0	0	0	0	0	0	0	0	0	0	0	0	0	0	0	6.97224	2.07692	5.67308	0	0	4.38134	0	0	0	0	0	0	3.9595425263509423
